Date,Price,Open,High,Low,Vol,Change,200EMA,20EMA
2023.06.14,1.0787,1.079,1.0797,1.0785,0,-0.04,1.0691,1.0772
2023.06.13,1.0791,1.0755,1.0825,1.0754,0,0.32,1.069,1.077
2023.06.12,1.0757,1.0751,1.0791,1.0733,0,0.09,1.0689,1.0768
2023.06.09,1.0747,1.0782,1.0786,1.0742,0,-0.32,1.0688,1.0769
2023.06.08,1.0781,1.0699,1.0788,1.0696,0,0.79,1.0687,1.0772
2023.06.07,1.0697,1.0695,1.074,1.0668,0,0.06,1.0687,1.0771
2023.06.06,1.0691,1.0714,1.0733,1.0667,0,-0.2,1.0686,1.0778
2023.06.05,1.0712,1.0712,1.0724,1.0674,0,0.06,1.0686,1.0787
2023.06.02,1.0706,1.0762,1.078,1.0704,0,-0.51,1.0686,1.0795
2023.06.01,1.0761,1.069,1.0769,1.0661,0,0.68,1.0686,1.0805
2023.05.31,1.0688,1.0736,1.0737,1.0634,0,-0.42,1.0685,1.0809
2023.05.30,1.0733,1.0707,1.0747,1.0672,0,0.26,1.0685,1.0822
2023.05.29,1.0705,1.0726,1.0745,1.0705,0,-0.18,1.0685,1.0832
2023.05.26,1.0724,1.0722,1.076,1.0701,0,0.05,1.0684,1.0845
2023.05.25,1.0719,1.075,1.0757,1.0707,0,-0.27,1.0684,1.0858
2023.05.24,1.0748,1.0775,1.0802,1.0747,0,-0.19,1.0684,1.0872
2023.05.23,1.0768,1.0812,1.0821,1.076,0,-0.4,1.0683,1.0885
2023.05.22,1.0811,1.0814,1.0832,1.0795,0,0.08,1.0682,1.0898
2023.05.19,1.0802,1.0771,1.0829,1.076,0,0.31,1.0681,1.0907
2023.05.18,1.0769,1.084,1.0848,1.0762,0,-0.65,1.068,1.0918
2023.05.17,1.0839,1.0862,1.0875,1.081,0,-0.2,1.0679,1.0934
2023.05.16,1.0861,1.0874,1.0905,1.0855,0,-0.1,1.0677,1.0943
2023.05.15,1.0872,1.0856,1.0891,1.0845,19020,0.22,1.0675,1.0952
2023.05.12,1.0848,1.0916,1.0936,1.0848,45780,-0.6,1.0673,1.0961
2023.05.11,1.0914,1.0981,1.0999,1.0899,51750,-0.6,1.0672,1.0972
2023.05.10,1.098,1.0961,1.1007,1.0941,56620,0.18,1.0669,1.0979
2023.05.09,1.096,1.1006,1.1006,1.0941,50930,-0.4,1.0666,1.0978
2023.05.08,1.1004,1.1033,1.1055,1.0999,50360,-0.12,1.0663,1.098
2023.05.05,1.1017,1.1012,1.1049,1.0967,65810,0.05,1.066,1.0978
2023.05.04,1.1011,1.106,1.1092,1.0985,88740,-0.43,1.0656,1.0974
2023.05.03,1.1059,1.0999,1.1092,1.0999,72710,0.55,1.0653,1.097
2023.05.02,1.0999,1.0973,1.1009,1.0941,55310,0.22,1.0648,1.096
2023.05.01,1.0975,1.1035,1.1038,1.0963,34400,-0.41,1.0645,1.0956
2023.04.28,1.102,1.1028,1.1046,1.0962,69310,-0.06,1.0642,1.0954
2023.04.27,1.1027,1.1042,1.1064,1.0992,78360,-0.12,1.0638,1.0948
2023.04.26,1.104,1.0972,1.1096,1.0967,61830,0.62,1.0634,1.0939
2023.04.25,1.0972,1.1046,1.1068,1.0963,66630,-0.62,1.063,1.0929
2023.04.24,1.1041,1.0991,1.1051,1.0965,62380,0.49,1.0626,1.0924
2023.04.21,1.0987,1.097,1.0994,1.0938,52680,0.18,1.0622,1.0912
2023.04.20,1.0967,1.0956,1.0991,1.0933,60870,0.12,1.0619,1.0904
2023.04.19,1.0954,1.0972,1.0984,1.0917,52080,-0.15,1.0615,1.0897
2023.04.18,1.0971,1.0924,1.0984,1.0921,61850,0.41,1.0612,1.0891
2023.04.17,1.0926,1.099,1.1,1.0908,62870,-0.67,1.0608,1.0883
2023.04.14,1.1,1.1043,1.1077,1.0972,70220,-0.4,1.0605,1.0878
2023.04.13,1.1044,1.0992,1.1069,1.0977,80320,0.5,1.0601,1.0865
2023.04.12,1.0989,1.0913,1.1001,1.0911,65050,0.72,1.0596,1.0846
2023.04.11,1.091,1.0863,1.0928,1.0857,59990,0.47,1.0592,1.0831
2023.04.10,1.0859,1.0901,1.0918,1.0831,29790,-0.35,1.0589,1.0823
2023.04.07,1.0897,1.0923,1.0926,1.0876,32280,-0.21,1.0587,1.0819
2023.04.06,1.092,1.0903,1.0939,1.0884,50120,0.16,1.0583,1.0811
2023.04.05,1.0903,1.0953,1.097,1.0891,62650,-0.45,1.058,1.08
2023.04.04,1.0952,1.0901,1.0974,1.0883,62680,0.52,1.0577,1.0789
2023.04.03,1.0895,1.0847,1.0918,1.0788,74640,0.52,1.0573,1.0772
2023.03.31,1.0839,1.0906,1.0927,1.0836,71770,-0.57,1.057,1.0759
2023.03.30,1.0901,1.0844,1.0927,1.0823,85760,0.53,1.0567,1.075
2023.03.29,1.0843,1.0844,1.0872,1.0817,80210,0,1.0564,1.0734
2023.03.28,1.0843,1.0797,1.0849,1.0795,79160,0.44,1.0561,1.0723
2023.03.27,1.0796,1.0767,1.08,1.0745,68790,0.34,1.0558,1.071
2023.03.24,1.0759,1.0829,1.084,1.0713,70120,-0.66,1.0556,1.0701
2023.03.23,1.083,1.0856,1.0931,1.0824,73360,-0.23,1.0554,1.0695
2023.03.22,1.0855,1.0768,1.0913,1.0759,91850,0.82,1.0551,1.0681
2023.03.21,1.0767,1.0721,1.0789,1.0704,105660,0.45,1.0548,1.0663
2023.03.20,1.0719,1.0697,1.0732,1.0631,79980,0.5,1.0546,1.0652
2023.03.17,1.0666,1.0609,1.0686,1.0605,92630,0.58,1.0544,1.0645
2023.03.16,1.0605,1.0577,1.0637,1.055,123730,0.28,1.0543,1.0643
2023.03.15,1.0575,1.0733,1.0761,1.0516,119110,-1.46,1.0542,1.0647
2023.03.14,1.0732,1.0731,1.075,1.0678,106360,0.03,1.0542,1.0654
2023.03.13,1.0729,1.0647,1.0749,1.0647,135150,0.81,1.054,1.0646
2023.03.10,1.0643,1.058,1.0702,1.0573,91430,0.6,1.0538,1.0637
2023.03.09,1.058,1.0545,1.0591,1.0538,66710,0.34,1.0537,1.0637
2023.03.08,1.0544,1.0549,1.0575,1.0524,68370,-0.03,1.0536,1.0643
2023.03.07,1.0547,1.0681,1.0695,1.0546,72600,-1.23,1.0536,1.0653
2023.03.06,1.0678,1.0619,1.0695,1.0615,71600,0.43,1.0536,1.0664
2023.03.03,1.0632,1.0598,1.0639,1.0587,69230,0.34,1.0535,1.0663
2023.03.02,1.0596,1.0668,1.0674,1.0575,70140,-0.65,1.0534,1.0666
2023.03.01,1.0665,1.0576,1.0692,1.0565,73190,0.84,1.0533,1.0673
2023.02.28,1.0576,1.0605,1.0646,1.0574,86730,-0.29,1.0532,1.0674
2023.02.27,1.0607,1.0541,1.062,1.0532,84550,0.58,1.0531,1.0684
2023.02.24,1.0546,1.0597,1.0616,1.0536,65870,-0.46,1.0531,1.0693
2023.02.23,1.0595,1.0603,1.0628,1.0576,67060,-0.06,1.053,1.0708
2023.02.22,1.0601,1.0648,1.0664,1.0598,74530,-0.42,1.053,1.072
2023.02.21,1.0646,1.0686,1.0698,1.0637,72420,-0.34,1.0529,1.0732
2023.02.20,1.0682,1.0688,1.0705,1.067,52710,-0.11,1.0528,1.0741
2023.02.17,1.0694,1.0674,1.0699,1.0612,88740,0.24,1.0526,1.0748
2023.02.16,1.0668,1.069,1.0723,1.0654,75550,-0.2,1.0525,1.0753
2023.02.15,1.0689,1.0738,1.0746,1.066,65430,-0.43,1.0523,1.0762
2023.02.14,1.0735,1.0723,1.0805,1.0706,74170,0.14,1.0522,1.077
2023.02.13,1.072,1.0679,1.0731,1.0655,69660,0.42,1.0519,1.0774
2023.02.10,1.0675,1.0738,1.0754,1.0666,64560,-0.57,1.0517,1.0779
2023.02.09,1.0736,1.0711,1.0793,1.0709,69230,0.25,1.0516,1.079
2023.02.08,1.0709,1.0726,1.0761,1.0709,63660,-0.13,1.0514,1.0796
2023.02.07,1.0723,1.0727,1.0768,1.0667,111810,-0.07,1.0512,1.0805
2023.02.06,1.073,1.079,1.0799,1.0709,90140,-0.58,1.051,1.0814
2023.02.03,1.0793,1.0909,1.0941,1.0791,103100,-1.07,1.0507,1.0823
2023.02.02,1.091,1.099,1.1034,1.0885,88060,-0.72,1.0504,1.0826
2023.02.01,1.0989,1.0864,1.1001,1.0852,77540,1.17,1.05,1.0817
2023.01.31,1.0862,1.085,1.0876,1.0802,76110,0.17,1.0495,1.0799
2023.01.30,1.0844,1.0875,1.0914,1.0839,77690,-0.21,1.0492,1.0792
2023.01.27,1.0867,1.0892,1.0901,1.0836,92390,-0.2,1.0488,1.0787
2023.01.26,1.0889,1.0917,1.093,1.0849,85140,-0.24,1.0484,1.0779
2023.01.25,1.0915,1.0881,1.0925,1.0856,73250,0.28,1.048,1.0767
2023.01.24,1.0885,1.0872,1.0898,1.0834,69930,0.16,1.0476,1.0751
2023.01.23,1.0868,1.086,1.0927,1.0846,72100,0.12,1.0472,1.0737
2023.01.20,1.0855,1.0833,1.086,1.0802,77670,0.26,1.0468,1.0724
2023.01.19,1.0827,1.079,1.0841,1.0782,103050,0.32,1.0464,1.071
2023.01.18,1.0792,1.079,1.0889,1.0766,110020,0.04,1.046,1.0697
2023.01.17,1.0788,1.0822,1.087,1.0775,109130,-0.26,1.0457,1.0688
2023.01.16,1.0816,1.0834,1.0875,1.0801,66660,-0.11,1.0454,1.0677
2023.01.13,1.0828,1.0854,1.0869,1.078,98060,-0.17,1.045,1.0662
2023.01.12,1.0846,1.0757,1.0868,1.073,95620,0.85,1.0446,1.0645
2023.01.11,1.0755,1.0736,1.0777,1.0725,87800,0.2,1.0442,1.0624
2023.01.10,1.0734,1.0725,1.076,1.0711,94330,0.06,1.0439,1.061
2023.01.09,1.0728,1.0637,1.0761,1.0636,87400,0.79,1.0436,1.0597
2023.01.06,1.0644,1.0522,1.0648,1.0483,94850,1.18,1.0433,1.0583
2023.01.05,1.052,1.0604,1.0632,1.0515,81260,-0.75,1.0431,1.0577
2023.01.04,1.0599,1.0552,1.0636,1.054,90180,0.5,1.043,1.0583
2023.01.03,1.0546,1.0663,1.0684,1.0519,94720,-1.09,1.0428,1.0581
2023.01.02,1.0662,1.0702,1.0708,1.065,21160,-0.37,1.0427,1.0584
2022.12.30,1.0702,1.0663,1.0714,1.0639,71530,0.38,1.0425,1.0576
2022.12.29,1.0661,1.0609,1.0691,1.0609,59740,0.5,1.0422,1.0563
2022.12.28,1.0608,1.0642,1.0675,1.0606,56020,-0.28,1.042,1.0553
2022.12.27,1.0638,1.0638,1.067,1.0611,68370,0.03,1.0418,1.0547
2022.12.26,1.0635,1.0611,1.0638,1.0604,17500,0.2,1.0416,1.0537
2022.12.23,1.0614,1.0595,1.0633,1.0586,94320,0.2,1.0413,1.0527
2022.12.22,1.0593,1.0607,1.066,1.0573,97300,-0.09,1.0411,1.0518
2022.12.21,1.0603,1.0625,1.0647,1.0589,86750,-0.17,1.041,1.051
2022.12.20,1.0621,1.0606,1.066,1.0579,130479,0.15,1.0408,1.05
2022.12.19,1.0605,1.0591,1.0659,1.0575,91770,0.22,1.0406,1.0487
2022.12.16,1.0582,1.0626,1.0663,1.0584,96980,-0.41,1.0404,1.0475
2022.12.15,1.0626,1.0683,1.0737,1.0592,96300,-0.52,1.0402,1.0464
2022.12.14,1.0682,1.0633,1.0696,1.0618,93430,0.49,1.0399,1.0447
2022.12.13,1.063,1.0534,1.0674,1.0527,76620,0.9,1.0397,1.0422
2022.12.12,1.0535,1.0528,1.0581,1.0506,72910,0.05,1.0394,1.04
2022.12.09,1.053,1.0559,1.0589,1.0507,81680,-0.25,1.0393,1.0386
2022.12.08,1.0556,1.0508,1.0566,1.0489,89810,0.49,1.0392,1.0371
2022.12.07,1.0505,1.0469,1.0551,1.0443,102170,0.34,1.039,1.0351
2022.12.06,1.0469,1.0489,1.0533,1.0459,83940,-0.21,1.0389,1.0335
2022.12.05,1.0491,1.0517,1.0596,1.048,91070,-0.45,1.0388,1.0321
2022.12.02,1.0538,1.0524,1.0546,1.0428,82220,0.15,1.0387,1.0303
2022.12.01,1.0522,1.0407,1.0534,1.0393,108310,1.12,1.0385,1.0278
2022.11.30,1.0405,1.0329,1.043,1.0289,92190,0.76,1.0384,1.0253
2022.11.29,1.0327,1.034,1.0395,1.0319,75180,-0.1,1.0384,1.0237
2022.11.28,1.0337,1.0382,1.0497,1.033,78440,-0.56,1.0384,1.0227
2022.11.25,1.0395,1.0409,1.043,1.0354,70180,-0.12,1.0385,1.0216
2022.11.24,1.0408,1.0398,1.045,1.0381,68510,0.13,1.0385,1.0197
2022.11.23,1.0395,1.0304,1.0405,1.0296,74480,0.9,1.0384,1.0175
2022.11.22,1.0302,1.0243,1.0309,1.0239,79180,0.6,1.0384,1.0151
2022.11.21,1.0241,1.0318,1.0334,1.0223,82170,-0.8,1.0385,1.0135
2022.11.18,1.0324,1.0362,1.0396,1.0313,95100,-0.35,1.0387,1.0124
2022.11.17,1.036,1.0395,1.0408,1.0304,98800,-0.31,1.0387,1.0103
2022.11.16,1.0392,1.0349,1.0439,1.033,103830,0.43,1.0388,1.0076
2022.11.15,1.0348,1.0325,1.0481,1.028,104610,0.22,1.0387,1.0043
2022.11.14,1.0325,1.0366,1.0368,1.0271,103340,-0.26,1.0388,1.0011
2022.11.11,1.0352,1.0209,1.0365,1.0163,113990,1.41,1.0389,0.9978
2022.11.10,1.0208,1.0008,1.0223,0.9935,128780,1.97,1.0389,0.9939
2022.11.09,1.0011,1.0074,1.0089,0.9992,117090,-0.61,1.0391,0.991
2022.11.08,1.0072,1.0022,1.0097,0.9972,100700,0.53,1.0395,0.99
2022.11.07,1.0019,0.9911,1.0035,0.9899,94490,0.59,1.0398,0.9881
2022.11.04,0.996,0.975,0.9967,0.9742,86220,2.14,1.0402,0.9867
2022.11.03,0.9751,0.9819,0.984,0.9729,76010,-0.67,1.0406,0.9857
2022.11.02,0.9817,0.9875,0.9977,0.9812,77340,-0.58,1.0413,0.9868
2022.11.01,0.9874,0.9882,0.9955,0.9852,71010,-0.09,1.0419,0.9874
2022.10.31,0.9883,0.9947,0.9966,0.9872,75220,-0.8,1.0424,0.9874
2022.10.28,0.9963,0.9965,0.9998,0.9926,76680,0.01,1.0429,0.9873
2022.10.27,0.9962,1.0079,1.0094,0.9957,110900,-1.14,1.0434,0.9863
2022.10.26,1.0077,0.9966,1.0089,0.9943,84300,1.13,1.0439,0.9853
2022.10.25,0.9964,0.9874,0.9977,0.9848,74000,0.91,1.0443,0.9829
2022.10.24,0.9874,0.9867,0.99,0.9807,91240,0.14,1.0447,0.9815
2022.10.21,0.986,0.9786,0.9869,0.9704,92870,0.79,1.0453,0.9809
2022.10.20,0.9783,0.9773,0.9846,0.9754,92630,0.12,1.0459,0.9803
2022.10.19,0.9771,0.9858,0.9873,0.9757,88910,-0.82,1.0466,0.9805
2022.10.18,0.9852,0.9838,0.9876,0.9812,98980,0.14,1.0473,0.9809
2022.10.17,0.9838,0.9726,0.9853,0.9719,88290,1.22,1.0479,0.9805
2022.10.14,0.9719,0.9778,0.9809,0.9707,108590,-0.55,1.0486,0.9801
2022.10.13,0.9773,0.9702,0.9807,0.9632,95280,0.71,1.0493,0.981
2022.10.12,0.9704,0.9708,0.9735,0.9668,93220,0.01,1.05,0.9814
2022.10.11,0.9703,0.97,0.9776,0.9672,127210,0.03,1.0509,0.9825
2022.10.10,0.97,0.9736,0.9754,0.9682,97220,-0.42,1.0517,0.9838
2022.10.07,0.9741,0.979,0.9818,0.9725,78520,-0.48,1.0525,0.9852
2022.10.06,0.9788,0.9879,0.9927,0.9787,89260,-0.95,1.0533,0.9864
2022.10.05,0.9882,0.9986,0.9995,0.9834,88680,-1.01,1.054,0.9872
2022.10.04,0.9983,0.9826,1,0.9805,86110,1.62,1.0547,0.9871
2022.10.03,0.9824,0.98,0.9845,0.9753,97650,0.26,1.0552,0.9859
2022.09.30,0.9799,0.9816,0.9855,0.9735,94060,-0.15,1.056,0.9863
2022.09.29,0.9814,0.9735,0.9816,0.9635,96260,0.82,1.0567,0.987
2022.09.28,0.9734,0.9594,0.9751,0.9535,104440,1.48,1.0575,0.9876
2022.09.27,0.9592,0.961,0.9671,0.9568,104220,-0.15,1.0583,0.9891
2022.09.26,0.9606,0.9679,0.9711,0.9567,109840,-0.87,1.0593,0.9922
2022.09.23,0.969,0.9837,0.9852,0.9668,90970,-1.48,1.0603,0.9955
2022.09.22,0.9836,0.9837,0.9908,0.9808,103830,-0.01,1.0613,0.9983
2022.09.21,0.9837,0.9972,0.9978,0.9813,87440,-1.33,1.062,0.9999
2022.09.20,0.997,1.0023,1.0051,0.9955,72940,-0.52,1.0628,1.0016
2022.09.19,1.0022,1.0012,1.003,0.9966,63180,0.07,1.0635,1.002
2022.09.16,1.0015,1.0001,1.0037,0.9944,72840,0.16,1.0641,1.002
2022.09.15,0.9999,0.998,1.0019,0.9955,69080,0.22,1.0647,1.0021
2022.09.14,0.9977,0.9969,1.0024,0.9955,87670,0.07,1.0654,1.0023
2022.09.13,0.997,1.0123,1.0188,0.9966,77650,-1.47,1.0661,1.0028
2022.09.12,1.0119,1.008,1.0199,1.0059,62340,0.8,1.0668,1.0034
2022.09.09,1.0039,0.9995,1.0114,0.9995,76390,0.45,1.0673,1.0025
2022.09.08,0.9994,1.0002,1.003,0.993,86340,-0.05,1.0679,1.0024
2022.09.07,0.9999,0.9904,1.0012,0.9875,82610,0.98,1.0686,1.0027
2022.09.06,0.9902,0.9927,0.9987,0.9863,101490,-0.24,1.0693,1.003
2022.09.05,0.9926,0.995,0.995,0.9877,67110,-0.25,1.0701,1.0043
2022.09.02,0.9951,0.9945,1.0035,0.9942,68960,0.07,1.0709,1.0056
2022.09.01,0.9944,1.0055,1.0057,0.9911,85850,-1.12,1.0717,1.0067
2022.08.31,1.0057,1.0014,1.0079,0.9971,87590,0.45,1.0724,1.0079
2022.08.30,1.0012,0.9996,1.0056,0.9981,90210,0.17,1.0731,1.0082
2022.08.29,0.9995,0.9977,1.0029,0.9913,59850,0.34,1.0738,1.0089
2022.08.26,0.9961,0.9974,1.0091,0.9947,60920,-0.13,1.0746,1.0099
2022.08.25,0.9974,0.9967,1.0035,0.9948,82500,0.09,1.0754,1.0114
2022.08.24,0.9965,0.997,1,0.9909,67560,-0.02,1.0761,1.0128
2022.08.23,0.9967,0.9944,1.0019,0.99,82390,0.26,1.0769,1.0145
2022.08.22,0.9941,1.0041,1.0048,0.9926,87970,-0.93,1.0778,1.0164
2022.08.19,1.0034,1.0089,1.0096,1.0031,76590,-0.54,1.0786,1.0188
2022.08.18,1.0088,1.018,1.0194,1.0079,78310,-0.9,1.0793,1.0204
2022.08.17,1.018,1.017,1.0203,1.0145,92060,0.1,1.0801,1.0216
2022.08.16,1.017,1.0162,1.0195,1.0122,63580,0.1,1.0807,1.022
2022.08.15,1.016,1.0263,1.027,1.0155,64989,-0.96,1.0813,1.0225
2022.08.12,1.0258,1.0316,1.0329,1.0237,80250,-0.57,1.082,1.0232
2022.08.11,1.0317,1.0299,1.0366,1.0275,84770,0.19,1.0825,1.0229
2022.08.10,1.0297,1.0214,1.0369,1.0201,88510,0.84,1.0831,1.022
2022.08.09,1.0211,1.0198,1.0248,1.0188,80550,0.16,1.0836,1.0212
2022.08.08,1.0195,1.0179,1.0223,1.0158,67810,0.14,1.0842,1.0212
2022.08.05,1.0181,1.0247,1.0253,1.0141,82580,-0.61,1.0849,1.0214
2022.08.04,1.0243,1.0162,1.0254,1.0154,79410,0.78,1.0855,1.0217
2022.08.03,1.0164,1.0166,1.021,1.0122,79900,0,1.0862,1.0215
2022.08.02,1.0164,1.0261,1.0295,1.0163,102380,-0.95,1.0869,1.022
2022.08.01,1.0261,1.0218,1.0276,1.0205,84580,0.42,1.0876,1.0226
2022.07.29,1.0218,1.0196,1.0255,1.0145,81820,0.22,1.0882,1.0222
2022.07.28,1.0196,1.0198,1.0236,1.0114,106640,-0.06,1.0888,1.0223
2022.07.27,1.0202,1.0116,1.0222,1.0096,76150,0.87,1.0895,1.0225
2022.07.26,1.0114,1.022,1.0251,1.0107,79220,-1.04,1.0902,1.0228
2022.07.25,1.022,1.0212,1.0259,1.0179,77430,0.1,1.091,1.024
2022.07.22,1.021,1.023,1.0256,1.0129,73440,-0.18,1.0917,1.0242
2022.07.21,1.0228,1.0178,1.0279,1.0153,105360,0.5,1.0924,1.0245
2022.07.20,1.0177,1.0228,1.0274,1.0155,92860,-0.46,1.0931,1.0247
2022.07.19,1.0224,1.0143,1.027,1.012,80210,0.82,1.0939,1.0254
2022.07.18,1.0141,1.0085,1.0202,1.0078,74880,0.54,1.0946,1.0258
2022.07.15,1.0087,1.0018,1.0099,1.0007,77730,0.71,1.0954,1.027
2022.07.14,1.0016,1.0061,1.0065,0.9952,89570,-0.44,1.0963,1.0289
2022.07.13,1.006,1.004,1.0123,0.9998,82540,0.24,1.0972,1.0318
2022.07.12,1.0036,1.004,1.0074,0.9999,87760,-0.03,1.0982,1.0345
2022.07.11,1.0039,1.0173,1.0185,1.0034,77380,-1.41,1.0991,1.0378
2022.07.08,1.0183,1.0159,1.0193,1.0072,90460,0.24,1.1001,1.0413
2022.07.07,1.0159,1.0181,1.0222,1.0144,86850,-0.22,1.1009,1.0437
2022.07.06,1.0181,1.0268,1.0277,1.0161,95910,-0.83,1.1017,1.0467
2022.07.05,1.0266,1.0419,1.045,1.0235,85140,-1.49,1.1026,1.0497
2022.07.04,1.0421,1.0424,1.0464,1.0417,68800,-0.07,1.1033,1.0521
2022.07.01,1.0428,1.0481,1.0487,1.0366,68090,-0.52,1.104,1.0532
2022.06.30,1.0482,1.0441,1.0489,1.0382,83870,0.41,1.1046,1.0543
2022.06.29,1.0439,1.0518,1.0537,1.0434,90480,-0.75,1.1051,1.0549
2022.06.28,1.0518,1.0585,1.0607,1.0503,92980,-0.61,1.1058,1.0561
2022.06.27,1.0583,1.0555,1.0616,1.0549,86890,0.27,1.1063,1.0565
2022.06.24,1.0554,1.0526,1.0572,1.0511,88510,0.29,1.1068,1.0563
2022.06.23,1.0523,1.0567,1.0582,1.0482,111480,-0.4,1.1073,1.0564
2022.06.22,1.0565,1.0527,1.0606,1.0468,84040,0.38,1.1079,1.0569
2022.06.21,1.0525,1.051,1.0583,1.0508,83470,0.15,1.1084,1.0569
2022.06.20,1.0509,1.0472,1.0546,1.0472,76940,0.1,1.1089,1.0574
2022.06.17,1.0498,1.0548,1.056,1.0445,85550,-0.46,1.1095,1.058
2022.06.16,1.0547,1.0442,1.0602,1.0381,138960,1,1.1101,1.0589
2022.06.15,1.0443,1.0417,1.0509,1.0359,104810,0.28,1.1107,1.0593
2022.06.14,1.0414,1.0411,1.0486,1.0396,86870,0.06,1.1113,1.0609
2022.06.13,1.0408,1.0513,1.052,1.04,75500,-1.02,1.112,1.063
2022.06.10,1.0515,1.0617,1.0644,1.0505,70020,-0.93,1.1128,1.0653
2022.06.09,1.0614,1.0717,1.0775,1.0611,79980,-0.93,1.1134,1.0668
2022.06.08,1.0714,1.07,1.0749,1.0671,57450,0.14,1.1139,1.0673
2022.06.07,1.0699,1.0695,1.0715,1.0652,62170,0.05,1.1143,1.0669
2022.06.06,1.0694,1.0722,1.0753,1.0683,61180,-0.22,1.1148,1.0666
2022.06.03,1.0718,1.0747,1.0765,1.0704,36970,-0.25,1.1152,1.0663
2022.06.02,1.0745,1.0649,1.0751,1.0645,52860,0.93,1.1157,1.0657
2022.06.01,1.0646,1.0734,1.0739,1.0626,57340,-0.81,1.1161,1.0648
2022.05.31,1.0733,1.0778,1.078,1.0678,72220,-0.41,1.1166,1.0648
2022.05.30,1.0777,1.0737,1.0788,1.0726,54770,0.47,1.117,1.0639
2022.05.27,1.0727,1.0726,1.0766,1.0697,64640,0.03,1.1174,1.0625
2022.05.26,1.0724,1.0684,1.0733,1.0662,64319,0.41,1.1179,1.0614
2022.05.25,1.068,1.0735,1.074,1.0642,73490,-0.5,1.1183,1.0602
2022.05.24,1.0734,1.069,1.0749,1.0661,68660,0.42,1.1188,1.0594
2022.05.23,1.0689,1.0572,1.0698,1.0558,72250,1.22,1.1193,1.0579
2022.05.20,1.056,1.0586,1.0599,1.0532,79330,-0.25,1.1198,1.0568
2022.05.19,1.0586,1.047,1.0608,1.046,78990,1.15,1.1204,1.0569
2022.05.18,1.0466,1.0549,1.0565,1.046,79530,-0.77,1.1211,1.0567
2022.05.17,1.0547,1.0434,1.0556,1.0429,76970,1.11,1.1218,1.0577
2022.05.16,1.0431,1.0405,1.0444,1.0388,63920,0.19,1.1225,1.0581
2022.05.13,1.0411,1.0379,1.0421,1.035,75660,0.31,1.1233,1.0596
2022.05.12,1.0379,1.0512,1.053,1.0353,103610,-1.26,1.1241,1.0616
2022.05.11,1.0511,1.0529,1.0577,1.0502,107910,-0.15,1.125,1.0641
2022.05.10,1.0527,1.0557,1.0586,1.0525,71600,-0.27,1.1257,1.0655
2022.05.09,1.0555,1.0552,1.0594,1.0495,66960,0.04,1.1265,1.0668
2022.05.06,1.0551,1.0544,1.0601,1.0482,84530,0.1,1.1272,1.068
2022.05.05,1.054,1.0623,1.0642,1.0493,85990,-0.76,1.1279,1.0693
2022.05.04,1.0621,1.0516,1.0632,1.0505,64709,0.96,1.1286,1.071
2022.05.03,1.052,1.0502,1.0579,1.0491,68530,0.15,1.1293,1.0719
2022.05.02,1.0504,1.055,1.0569,1.049,49740,-0.35,1.1301,1.074
2022.04.29,1.0541,1.0498,1.0593,1.0491,87170,0.45,1.1309,1.0765
2022.04.28,1.0494,1.0557,1.0566,1.0471,89070,-0.58,1.1317,1.0788
2022.04.27,1.0555,1.0638,1.0655,1.0513,89560,-0.76,1.1325,1.0819
2022.04.26,1.0636,1.0713,1.074,1.0635,91480,-0.7,1.1333,1.0847
2022.04.25,1.0711,1.0841,1.0842,1.0697,98740,-0.77,1.134,1.0869
2022.04.22,1.0794,1.0838,1.0853,1.077,74460,-0.39,1.1346,1.0886
2022.04.21,1.0836,1.0853,1.0937,1.0824,85690,-0.13,1.1351,1.0896
2022.04.20,1.085,1.0788,1.0868,1.0783,83760,0.59,1.1357,1.0902
2022.04.19,1.0786,1.0783,1.0815,1.0761,77560,0.06,1.1362,1.0907
2022.04.18,1.078,1.0805,1.0822,1.0769,34700,-0.24,1.1367,1.092
2022.04.15,1.0806,1.0828,1.0832,1.0796,39970,-0.19,1.1373,1.0935
2022.04.14,1.0827,1.0887,1.0925,1.0757,86690,-0.53,1.1379,1.0948
2022.04.13,1.0885,1.083,1.0896,1.0809,74810,0.54,1.1385,1.0961
2022.04.12,1.0826,1.0882,1.0905,1.0821,55120,-0.52,1.139,1.0969
2022.04.11,1.0883,1.0935,1.0951,1.0872,61060,0.06,1.1395,1.0984
2022.04.08,1.0876,1.0879,1.0892,1.0836,56370,-0.02,1.14,1.0995
2022.04.07,1.0878,1.0893,1.0939,1.0864,63150,-0.14,1.1406,1.1007
2022.04.06,1.0893,1.0906,1.0939,1.0874,57660,-0.09,1.1411,1.1021
2022.04.05,1.0903,1.0973,1.099,1.0899,50420,-0.61,1.1416,1.1035
2022.04.04,1.097,1.1039,1.1056,1.096,70480,-0.75,1.1421,1.1048
2022.04.01,1.1053,1.1065,1.1077,1.1027,96870,-0.11,1.1426,1.1057
2022.03.31,1.1065,1.1158,1.1185,1.1061,77250,-0.82,1.143,1.1057
2022.03.30,1.1156,1.1087,1.1171,1.1083,82340,0.64,1.1433,1.1056
2022.03.29,1.1085,1.098,1.1137,1.097,84950,0.97,1.1436,1.1046
2022.03.28,1.0978,1.0989,1.1,1.0944,58630,-0.03,1.144,1.1042
2022.03.25,1.0981,1.0994,1.1039,1.0979,55190,-0.14,1.1444,1.1048
2022.03.24,1.0996,1.1004,1.1014,1.0965,54040,-0.07,1.1449,1.1055
2022.03.23,1.1004,1.1027,1.1044,1.0963,62580,-0.21,1.1453,1.1062
2022.03.22,1.1027,1.1018,1.1047,1.096,67250,0.12,1.1458,1.1068
2022.03.21,1.1014,1.1059,1.107,1.101,64420,-0.37,1.1462,1.1072
2022.03.18,1.1055,1.1091,1.112,1.1003,58860,-0.31,1.1467,1.1078
2022.03.17,1.1089,1.1036,1.1138,1.1008,76720,0.52,1.1471,1.1081
2022.03.16,1.1032,1.0956,1.1048,1.0948,83230,0.74,1.1475,1.108
2022.03.15,1.0951,1.094,1.102,1.0926,80800,0.11,1.1479,1.1085
2022.03.14,1.0939,1.0943,1.0994,1.09,69050,0.28,1.1485,1.1099
2022.03.11,1.0909,1.0984,1.1044,1.0901,87090,-0.67,1.149,1.1116
2022.03.10,1.0983,1.1075,1.1121,1.0976,88310,-0.83,1.1496,1.1137
2022.03.09,1.1075,1.0903,1.1096,1.089,100090,1.61,1.1501,1.1154
2022.03.08,1.0899,1.0855,1.096,1.0848,99680,0.43,1.1505,1.1162
2022.03.07,1.0852,1.0953,1.0953,1.0805,100000,-0.68,1.1511,1.1189
2022.03.04,1.0926,1.1068,1.1069,1.0886,82960,-1.25,1.1518,1.1225
2022.03.03,1.1064,1.1118,1.1125,1.1033,78700,-0.51,1.1524,1.1256
2022.03.02,1.1121,1.1127,1.1147,1.1057,79280,-0.04,1.1529,1.1277
2022.03.01,1.1126,1.1218,1.1234,1.109,89110,-0.83,1.1533,1.1293
2022.02.28,1.1219,1.1179,1.1247,1.1122,86100,-0.43,1.1537,1.1311
2022.02.25,1.1267,1.1192,1.1275,1.1165,79320,0.68,1.154,1.132
2022.02.24,1.1191,1.1313,1.1314,1.1106,103420,-1.04,1.1543,1.1326
2022.02.23,1.1309,1.1327,1.1359,1.13,64390,-0.14,1.1546,1.134
2022.02.22,1.1325,1.1312,1.1367,1.1287,85660,0.13,1.1549,1.1344
2022.02.21,1.131,1.1315,1.1391,1.1306,51070,-0.1,1.1551,1.1345
2022.02.18,1.1321,1.1362,1.1378,1.1314,64200,-0.34,1.1553,1.1349
2022.02.17,1.136,1.1374,1.1386,1.1322,80170,-0.11,1.1556,1.1352
2022.02.16,1.1373,1.136,1.1396,1.1344,70760,0.15,1.1558,1.1351
2022.02.15,1.1356,1.1307,1.1369,1.1301,74420,0.45,1.1559,1.1349
2022.02.14,1.1305,1.1344,1.137,1.1279,81230,-0.39,1.1562,1.1348
2022.02.11,1.1349,1.1428,1.1431,1.1329,82400,-0.68,1.1564,1.1353
2022.02.10,1.1427,1.1429,1.1496,1.1374,84630,0.04,1.1566,1.1353
2022.02.09,1.1422,1.1416,1.1449,1.1402,67490,0.07,1.1568,1.1346
2022.02.08,1.1414,1.1443,1.145,1.1395,100060,-0.24,1.1569,1.1338
2022.02.07,1.1442,1.1468,1.1469,1.1415,75920,-0.03,1.1571,1.133
2022.02.04,1.1446,1.1439,1.1485,1.1411,85840,0.07,1.1572,1.1318
2022.02.03,1.1438,1.1306,1.1452,1.1267,68020,1.19,1.1573,1.1304
2022.02.02,1.1303,1.127,1.1331,1.1266,48060,0.3,1.1575,1.129
2022.02.01,1.1269,1.1234,1.1279,1.1221,53470,0.32,1.1577,1.1289
2022.01.31,1.1233,1.1147,1.1249,1.1138,55960,0.81,1.158,1.1291
2022.01.28,1.1143,1.1146,1.1174,1.1121,62020,0,1.1584,1.1297
2022.01.27,1.1143,1.124,1.1244,1.1132,68310,-0.84,1.1588,1.1313
2022.01.26,1.1237,1.1301,1.1312,1.1235,62700,-0.55,1.1593,1.1331
2022.01.25,1.1299,1.1324,1.133,1.1263,72710,-0.21,1.1596,1.1341
2022.01.24,1.1323,1.1343,1.1346,1.129,93650,-0.15,1.1599,1.1345
2022.01.21,1.134,1.1312,1.136,1.13,70090,0.27,1.1602,1.1348
2022.01.20,1.131,1.1342,1.137,1.1302,74100,-0.27,1.1605,1.1348
2022.01.19,1.1341,1.1321,1.1358,1.1318,87940,0.14,1.1608,1.1352
2022.01.18,1.1325,1.1408,1.1422,1.1314,102170,-0.72,1.161,1.1354
2022.01.17,1.1407,1.1414,1.1436,1.1392,60660,-0.06,1.1613,1.1357
2022.01.14,1.1414,1.1454,1.1484,1.1398,63770,-0.34,1.1615,1.1351
2022.01.13,1.1453,1.1443,1.1482,1.1435,59440,0.1,1.1617,1.1345
2022.01.12,1.1442,1.1366,1.1453,1.1354,60520,0.69,1.1619,1.1333
2022.01.11,1.1364,1.1325,1.1375,1.1313,58480,0.35,1.1621,1.1322
2022.01.10,1.1324,1.1353,1.1362,1.1285,55310,-0.31,1.1623,1.1318
2022.01.07,1.1359,1.1293,1.1365,1.1289,44100,0.6,1.1626,1.1317
2022.01.06,1.1291,1.1314,1.1332,1.1285,66510,-0.19,1.1629,1.1312
2022.01.05,1.1313,1.1287,1.1347,1.1277,45060,0.25,1.1633,1.1315
2022.01.04,1.1285,1.1298,1.1323,1.1272,47580,-0.08,1.1636,1.1315
2022.01.03,1.1294,1.1365,1.1381,1.1279,33870,-0.65,1.1639,1.1318
2021.12.31,1.1368,1.1324,1.1387,1.1302,25720,0.4,1.1643,1.132
2021.12.30,1.1323,1.1349,1.136,1.1298,37870,-0.22,1.1646,1.1315
2021.12.29,1.1348,1.131,1.137,1.1273,42450,0.34,1.1649,1.1315
2021.12.28,1.1309,1.1329,1.1335,1.1289,43380,-0.14,1.1652,1.1311
2021.12.27,1.1325,1.1318,1.1335,1.1302,38120,0.07,1.1655,1.1311
2021.12.24,1.1317,1.133,1.1344,1.1303,47100,-0.1,1.1659,1.131
2021.12.23,1.1328,1.1325,1.1343,1.1289,58120,0.04,1.1662,1.1309
2021.12.22,1.1324,1.1279,1.1343,1.1264,62740,0.36,1.1665,1.1307
2021.12.21,1.1283,1.1277,1.1303,1.126,74530,0.07,1.1669,1.1305
2021.12.20,1.1275,1.1242,1.1305,1.1234,80100,0.32,1.1673,1.1308
2021.12.17,1.1239,1.133,1.135,1.1235,64500,-0.79,1.1677,1.1311
2021.12.16,1.1328,1.1286,1.1361,1.128,67610,0.38,1.1681,1.1319
2021.12.15,1.1285,1.1259,1.13,1.1221,101400,0.25,1.1685,1.1318
2021.12.14,1.1257,1.1285,1.1327,1.1253,153700,-0.23,1.1689,1.1321
2021.12.13,1.1283,1.1316,1.1321,1.1259,75510,-0.25,1.1693,1.1328
2021.12.10,1.1311,1.1293,1.1325,1.1264,89000,0.17,1.1697,1.1333
2021.12.09,1.1292,1.1342,1.1348,1.1278,81410,-0.44,1.1701,1.1335
2021.12.08,1.1342,1.1267,1.1356,1.1264,141960,0.7,1.1705,1.134
2021.12.07,1.1263,1.1287,1.1301,1.1228,155960,-0.19,1.1709,1.134
2021.12.06,1.1285,1.1321,1.1321,1.1266,93430,-0.25,1.1713,1.1348
2021.12.03,1.1313,1.1301,1.1334,1.1265,79000,0.12,1.1717,1.1354
2021.12.02,1.1299,1.132,1.1349,1.1294,85490,-0.18,1.1722,1.1359
2021.12.01,1.1319,1.1339,1.136,1.1302,117460,-0.15,1.1726,1.1365
2021.11.30,1.1336,1.1291,1.1384,1.1236,128370,0.4,1.173,1.137
2021.11.29,1.1291,1.1309,1.1316,1.1258,85220,-0.23,1.1734,1.1373
2021.11.26,1.1317,1.1209,1.1331,1.1205,118350,0.99,1.1738,1.1382
2021.11.25,1.1206,1.1198,1.1231,1.1198,77420,0.08,1.1743,1.1389
2021.11.24,1.1197,1.1248,1.1256,1.1185,81950,-0.44,1.1748,1.1408
2021.11.23,1.1246,1.1237,1.1276,1.1226,94410,0.11,1.1753,1.143
2021.11.22,1.1234,1.1292,1.1293,1.123,130389,-0.48,1.1759,1.145
2021.11.19,1.1288,1.1371,1.1374,1.125,64959,-0.71,1.1764,1.1472
2021.11.18,1.1369,1.1319,1.1375,1.1314,102380,0.44,1.1769,1.1492
2021.11.17,1.1319,1.1321,1.1333,1.1264,84790,0,1.1773,1.1505
2021.11.16,1.1319,1.1368,1.1386,1.1309,75970,-0.42,1.1777,1.1524
2021.11.15,1.1367,1.1452,1.1465,1.1356,68250,-0.72,1.1782,1.1546
2021.11.12,1.145,1.1454,1.1463,1.1432,67650,0,1.1786,1.1564
2021.11.11,1.145,1.1482,1.1488,1.1443,52720,-0.24,1.1789,1.1577
2021.11.10,1.1478,1.1593,1.1596,1.1475,77730,-0.97,1.1793,1.159
2021.11.09,1.1591,1.1588,1.1609,1.1569,59020,0.04,1.1796,1.1602
2021.11.08,1.1586,1.1555,1.1595,1.155,68430,0.17,1.1798,1.1603
2021.11.05,1.1566,1.1553,1.1574,1.1513,73650,0.12,1.18,1.1605
2021.11.04,1.1552,1.1611,1.1617,1.1528,81970,-0.5,1.1802,1.1609
2021.11.03,1.161,1.1579,1.1617,1.1561,84990,0.29,1.1805,1.1615
2021.11.02,1.1577,1.1605,1.1615,1.1574,76220,-0.25,1.1807,1.1615
2021.11.01,1.1606,1.1559,1.161,1.1545,88670,0.39,1.1809,1.1619
2021.10.29,1.1561,1.168,1.169,1.1535,66750,-1.01,1.1811,1.162
2021.10.28,1.1679,1.1605,1.1693,1.1581,76730,0.65,1.1814,1.1627
2021.10.27,1.1604,1.1597,1.1626,1.1585,58770,0.08,1.1815,1.1621
2021.10.26,1.1595,1.1607,1.1626,1.1585,52400,-0.09,1.1817,1.1623
2021.10.25,1.1606,1.1644,1.1666,1.159,64090,-0.35,1.1819,1.1626
2021.10.22,1.1647,1.1623,1.1656,1.1621,59500,0.22,1.1822,1.1628
2021.10.21,1.1621,1.165,1.1668,1.1619,62610,-0.24,1.1823,1.1626
2021.10.20,1.1649,1.1634,1.1659,1.1616,58830,0.15,1.1825,1.1627
2021.10.19,1.1632,1.1611,1.167,1.1608,54630,0.2,1.1827,1.1624
2021.10.18,1.1609,1.1597,1.1624,1.1571,80360,0.08,1.1829,1.1623
2021.10.15,1.16,1.1599,1.1621,1.1588,77650,0.05,1.1831,1.1625
2021.10.14,1.1594,1.1593,1.1625,1.1583,47440,0.02,1.1834,1.1627
2021.10.13,1.1592,1.1528,1.1598,1.1527,81900,0.56,1.1836,1.1631
2021.10.12,1.1527,1.1555,1.1571,1.1524,49290,-0.21,1.1839,1.1635
2021.10.11,1.1551,1.1571,1.1588,1.1549,61780,-0.14,1.1842,1.1646
2021.10.08,1.1567,1.1551,1.1586,1.154,55790,0.15,1.1845,1.1656
2021.10.07,1.155,1.1556,1.1573,1.1547,58880,-0.05,1.1847,1.1666
2021.10.06,1.1556,1.1603,1.1605,1.1529,68600,-0.34,1.185,1.1678
2021.10.05,1.1596,1.1623,1.1623,1.158,67910,-0.22,1.1853,1.1691
2021.10.04,1.1621,1.1593,1.1641,1.1587,52390,0.23,1.1856,1.1701
2021.10.01,1.1594,1.1582,1.1608,1.1563,51540,0.11,1.1858,1.1709
2021.09.30,1.1581,1.1596,1.1611,1.1562,73400,-0.12,1.1861,1.1721
2021.09.29,1.1595,1.1683,1.1691,1.1589,66600,-0.74,1.1864,1.1736
2021.09.28,1.1681,1.1696,1.1704,1.1667,74310,-0.11,1.1866,1.1751
2021.09.27,1.1694,1.1724,1.1728,1.1684,60190,-0.17,1.1868,1.1759
2021.09.24,1.1714,1.1738,1.1748,1.17,75210,-0.19,1.187,1.1765
2021.09.23,1.1736,1.1686,1.1751,1.1683,70890,0.43,1.1872,1.1771
2021.09.22,1.1686,1.1726,1.1757,1.1683,74060,-0.32,1.1873,1.1774
2021.09.21,1.1723,1.1726,1.1751,1.1715,67830,-0.02,1.1875,1.1784
2021.09.20,1.1725,1.1732,1.1737,1.17,68960,0,1.1876,1.179
2021.09.17,1.1725,1.1762,1.1789,1.1724,66230,-0.33,1.1878,1.1797
2021.09.16,1.1764,1.1816,1.1822,1.1751,91380,-0.43,1.1879,1.1804
2021.09.15,1.1815,1.1806,1.1833,1.1798,66940,0.11,1.1881,1.1809
2021.09.14,1.1802,1.1812,1.1846,1.1799,69130,-0.05,1.1881,1.1808
2021.09.13,1.1808,1.1813,1.1818,1.1769,51850,-0.05,1.1882,1.1809
2021.09.10,1.1814,1.1826,1.1852,1.1809,66660,-0.09,1.1883,1.1809
2021.09.09,1.1825,1.1817,1.1842,1.1804,60730,0.1,1.1884,1.1808
2021.09.08,1.1813,1.184,1.1852,1.1802,79420,-0.22,1.1884,1.1806
2021.09.07,1.1839,1.187,1.1885,1.1837,72580,-0.24,1.1885,1.1806
2021.09.06,1.1868,1.1879,1.1888,1.1855,49820,-0.12,1.1885,1.1802
2021.09.03,1.1882,1.1875,1.191,1.1866,84790,0.08,1.1885,1.1795
2021.09.02,1.1873,1.1839,1.1877,1.1834,62570,0.3,1.1886,1.1786
2021.09.01,1.1837,1.181,1.1858,1.1793,75940,0.25,1.1886,1.1777
2021.08.31,1.1807,1.1797,1.1848,1.1795,72910,0.1,1.1886,1.1771
2021.08.30,1.1795,1.1793,1.181,1.1782,52840,0.02,1.1887,1.1767
2021.08.27,1.1793,1.1752,1.1803,1.1734,96310,0.37,1.1888,1.1764
2021.08.26,1.175,1.1772,1.1781,1.1746,76180,-0.17,1.1889,1.1761
2021.08.25,1.177,1.1754,1.1775,1.1725,77100,0.14,1.189,1.1762
2021.08.24,1.1753,1.1746,1.1766,1.1726,47890,0.09,1.1891,1.1761
2021.08.23,1.1743,1.1694,1.1751,1.1691,55860,0.4,1.1893,1.1762
2021.08.20,1.1696,1.1675,1.1705,1.1664,60240,0.19,1.1894,1.1764
2021.08.19,1.1674,1.1711,1.1717,1.1666,77270,-0.31,1.1896,1.1771
2021.08.18,1.171,1.171,1.1743,1.1694,71010,0.02,1.1899,1.1782
2021.08.17,1.1708,1.1776,1.1786,1.1708,66420,-0.59,1.19,1.1789
2021.08.16,1.1777,1.1794,1.1802,1.1767,67850,-0.12,1.1902,1.1798
2021.08.13,1.1791,1.173,1.1805,1.1727,61350,0.55,1.1904,1.18
2021.08.12,1.1727,1.1738,1.1749,1.1724,71780,-0.09,1.1905,1.1801
2021.08.11,1.1737,1.172,1.1753,1.1705,64430,0.16,1.1907,1.1808
2021.08.10,1.1718,1.1738,1.1744,1.171,110030,-0.16,1.1908,1.1816
2021.08.09,1.1737,1.1762,1.1769,1.1734,75770,-0.2,1.191,1.1826
2021.08.06,1.176,1.1834,1.1837,1.1753,64099,-0.61,1.1912,1.1836
2021.08.05,1.1832,1.1837,1.1858,1.1827,77630,-0.03,1.1913,1.1844
2021.08.04,1.1835,1.1864,1.1901,1.1832,71340,-0.21,1.1914,1.1845
2021.08.03,1.186,1.1868,1.1894,1.1853,57120,-0.06,1.1915,1.1846
2021.08.02,1.1867,1.1864,1.1897,1.1858,46140,-0.03,1.1916,1.1844
2021.07.30,1.187,1.1888,1.191,1.1851,60740,-0.13,1.1916,1.1842
2021.07.29,1.1886,1.1845,1.1894,1.184,80600,0.37,1.1917,1.1839
2021.07.28,1.1842,1.1817,1.1851,1.1773,93670,0.24,1.1917,1.1834
2021.07.27,1.1814,1.1804,1.1841,1.1769,64660,0.13,1.1918,1.1833
2021.07.26,1.1799,1.1778,1.1818,1.1763,49610,0.24,1.1919,1.1835
2021.07.23,1.1771,1.1769,1.1788,1.1753,72940,0.01,1.192,1.1839
2021.07.22,1.177,1.1793,1.1831,1.1757,61500,-0.19,1.1921,1.1846
2021.07.21,1.1792,1.1782,1.1805,1.1752,63860,0.11,1.1923,1.1854
2021.07.20,1.1779,1.1801,1.1805,1.1755,97720,-0.16,1.1924,1.1861
2021.07.19,1.1798,1.1808,1.1825,1.1763,77070,-0.06,1.1926,1.1869
2021.07.16,1.1805,1.1814,1.1823,1.1791,71220,-0.06,1.1927,1.1877
2021.07.15,1.1812,1.1837,1.1852,1.1796,75960,-0.19,1.1928,1.1884
2021.07.14,1.1835,1.1776,1.1839,1.1772,53480,0.52,1.1929,1.1892
2021.07.13,1.1774,1.1862,1.1876,1.1772,57960,-0.72,1.193,1.1898
2021.07.12,1.1859,1.1872,1.1881,1.1836,73850,-0.12,1.1932,1.1911
2021.07.09,1.1873,1.1844,1.1882,1.1825,51080,0.26,1.1933,1.1917
2021.07.08,1.1842,1.1792,1.1868,1.1783,58990,0.45,1.1933,1.1921
2021.07.07,1.1789,1.1823,1.1839,1.1782,57910,-0.28,1.1934,1.1929
2021.07.06,1.1822,1.1863,1.1896,1.1806,90380,-0.33,1.1936,1.1944
2021.07.05,1.1861,1.1862,1.1882,1.1851,51440,-0.03,1.1937,1.1957
2021.07.02,1.1864,1.1849,1.1875,1.1806,62360,0.14,1.1937,1.1967
2021.07.01,1.1848,1.1859,1.1885,1.1837,53040,-0.06,1.1938,1.1978
2021.06.30,1.1855,1.1897,1.191,1.1845,60660,-0.34,1.1939,1.1992
2021.06.29,1.1895,1.1926,1.1932,1.1877,57470,-0.24,1.194,1.2006
2021.06.28,1.1924,1.1935,1.1946,1.1902,51120,-0.08,1.194,1.2018
2021.06.25,1.1933,1.1932,1.1976,1.1925,61850,0.03,1.1941,1.2028
2021.06.24,1.193,1.1927,1.1957,1.1918,77340,0.04,1.1941,1.2038
2021.06.23,1.1925,1.1939,1.197,1.1911,64069,-0.11,1.1941,1.2049
2021.06.22,1.1938,1.1918,1.1954,1.1881,76870,0.19,1.1941,1.2062
2021.06.21,1.1915,1.1868,1.1922,1.1847,107090,0.46,1.1941,1.2075
2021.06.18,1.186,1.1908,1.1926,1.1846,101780,-0.39,1.1941,1.2092
2021.06.17,1.1906,1.1996,1.2007,1.1891,88240,-0.73,1.1942,1.2116
2021.06.16,1.1994,1.2127,1.2135,1.1993,79820,-1.07,1.1942,1.2139
2021.06.15,1.2124,1.212,1.2149,1.21,61730,0.05,1.1942,1.2154
2021.06.14,1.2118,1.211,1.2131,1.2093,49580,0.1,1.194,1.2157
2021.06.11,1.2106,1.217,1.2196,1.2092,79620,-0.52,1.1938,1.2161
2021.06.10,1.2169,1.2181,1.2195,1.2142,77810,-0.07,1.1937,1.2167
2021.06.09,1.2178,1.2173,1.2219,1.217,58040,0.06,1.1934,1.2167
2021.06.08,1.2171,1.219,1.2196,1.2163,58820,-0.15,1.1932,1.2166
2021.06.07,1.2189,1.2168,1.2203,1.2145,47630,0.2,1.1929,1.2165
2021.06.04,1.2165,1.2129,1.2186,1.2104,63130,0.34,1.1927,1.2162
2021.06.03,1.2124,1.221,1.2217,1.2118,59680,-0.7,1.1924,1.2162
2021.06.02,1.2209,1.2214,1.2227,1.2163,67040,-0.02,1.1922,1.2166
2021.06.01,1.2211,1.2227,1.2255,1.2211,73680,-0.11,1.1919,1.2162
2021.05.31,1.2225,1.2192,1.2233,1.2183,75220,0.3,1.1917,1.2156
2021.05.28,1.2189,1.2195,1.2205,1.2132,66940,-0.02,1.1913,1.2149
2021.05.27,1.2192,1.2192,1.2216,1.2175,88020,0.02,1.1911,1.2145
2021.05.26,1.219,1.2251,1.2263,1.2182,81360,-0.49,1.1908,1.214
2021.05.25,1.225,1.2217,1.2267,1.2211,94460,0.29,1.1905,1.2135
2021.05.24,1.2215,1.2178,1.223,1.2172,89840,0.3,1.1902,1.2123
2021.05.21,1.2179,1.2228,1.2241,1.2161,98550,-0.38,1.1898,1.2113
2021.05.20,1.2226,1.2171,1.223,1.2169,101340,0.44,1.1896,1.2106
2021.05.19,1.2172,1.2222,1.2246,1.216,97650,-0.39,1.1892,1.2093
2021.05.18,1.222,1.2153,1.2234,1.2151,90300,0.57,1.1889,1.2085
2021.05.17,1.2151,1.214,1.217,1.2126,84670,0.09,1.1886,1.2071
2021.05.14,1.214,1.208,1.215,1.207,76080,0.51,1.1883,1.2063
2021.05.13,1.2078,1.2073,1.2108,1.205,98850,0.07,1.1881,1.2054
2021.05.12,1.2069,1.2148,1.2153,1.2065,102130,-0.63,1.1879,1.2052
2021.05.11,1.2146,1.2129,1.2182,1.2122,118040,0.14,1.1877,1.205
2021.05.10,1.2129,1.2161,1.2178,1.2127,110400,-0.28,1.1874,1.204
2021.05.07,1.2163,1.2066,1.2172,1.2053,89190,0.82,1.1872,1.2031
2021.05.06,1.2064,1.2005,1.2072,1.1992,108320,0.49,1.1869,1.2017
2021.05.05,1.2005,1.2013,1.2027,1.1985,121920,-0.07,1.1867,1.2012
2021.05.04,1.2013,1.2064,1.2066,1.1998,117500,-0.4,1.1865,1.2012
2021.05.03,1.2061,1.2031,1.2076,1.2012,68480,0.36,1.1864,1.2012
2021.04.30,1.2018,1.2116,1.2127,1.2016,94170,-0.83,1.1862,1.2007
2021.04.29,1.2118,1.2126,1.215,1.2102,104130,-0.04,1.186,1.2006
2021.04.28,1.2123,1.2091,1.2135,1.2055,87020,0.27,1.1858,1.1994
2021.04.27,1.209,1.2086,1.2093,1.2056,117360,0.06,1.1855,1.1981
2021.04.26,1.2083,1.2093,1.2118,1.2061,94150,-0.13,1.1853,1.1969
2021.04.23,1.2099,1.2015,1.21,1.2012,94700,0.7,1.185,1.1957
2021.04.22,1.2015,1.2035,1.207,1.1993,114060,-0.15,1.1848,1.1942
2021.04.21,1.2033,1.2037,1.2045,1.1998,116320,0,1.1846,1.1935
2021.04.20,1.2033,1.2036,1.2081,1.2022,109150,0,1.1844,1.1924
2021.04.19,1.2033,1.1984,1.2049,1.1942,82290,0.42,1.1843,1.1913
2021.04.16,1.1983,1.1967,1.1996,1.195,107290,0.15,1.1841,1.19
2021.04.15,1.1965,1.198,1.1995,1.1955,127720,-0.11,1.1839,1.1891
2021.04.14,1.1978,1.1948,1.1988,1.1947,108550,0.27,1.1838,1.1884
2021.04.13,1.1946,1.1911,1.1956,1.1878,104200,0.31,1.1836,1.1874
2021.04.12,1.1909,1.1891,1.192,1.187,97850,0.11,1.1835,1.1866
2021.04.09,1.1896,1.1913,1.1921,1.1867,83390,-0.13,1.1835,1.1862
2021.04.08,1.1912,1.1867,1.1928,1.1861,87060,0.35,1.1834,1.1858
2021.04.07,1.187,1.1875,1.1916,1.1861,105520,-0.04,1.1833,1.1852
2021.04.06,1.1875,1.1814,1.1878,1.1795,81850,0.54,1.1833,1.185
2021.04.05,1.1811,1.1761,1.182,1.1738,39430,0.42,1.1832,1.1848
2021.04.02,1.1762,1.1777,1.1788,1.1748,46840,-0.11,1.1833,1.1852
2021.04.01,1.1775,1.1731,1.1781,1.1712,114050,0.4,1.1833,1.1861
2021.03.31,1.1728,1.1716,1.176,1.1703,109160,0.12,1.1834,1.187
2021.03.30,1.1714,1.1764,1.1774,1.1711,73520,-0.41,1.1835,1.1885
2021.03.29,1.1762,1.1795,1.1797,1.176,84190,-0.29,1.1836,1.1903
2021.03.26,1.1796,1.1763,1.1805,1.1763,101870,0.27,1.1837,1.1918
2021.03.25,1.1764,1.1813,1.1829,1.1761,109830,-0.41,1.1837,1.1931
2021.03.24,1.1812,1.1851,1.1854,1.1809,124610,-0.31,1.1838,1.1949
2021.03.23,1.1849,1.1935,1.1941,1.1841,94560,-0.69,1.1838,1.1963
2021.03.22,1.1931,1.1899,1.1947,1.1871,99730,0.24,1.1838,1.1975
2021.03.19,1.1903,1.1915,1.1939,1.1874,108420,-0.1,1.1837,1.198
2021.03.18,1.1915,1.1979,1.199,1.1906,98750,-0.53,1.1837,1.1988
2021.03.17,1.1978,1.1906,1.1986,1.1885,101580,0.66,1.1836,1.1995
2021.03.16,1.19,1.1929,1.1953,1.1882,96880,-0.23,1.1834,1.1997
2021.03.15,1.1928,1.1952,1.1968,1.1911,96800,-0.2,1.1834,1.2007
2021.03.12,1.1952,1.1983,1.199,1.191,107510,-0.27,1.1833,1.2016
2021.03.11,1.1984,1.1928,1.199,1.1916,104720,0.49,1.1832,1.2022
2021.03.10,1.1925,1.19,1.1931,1.1868,111860,0.23,1.183,1.2026
2021.03.09,1.1898,1.1847,1.1917,1.1835,127750,0.46,1.1829,1.2037
2021.03.08,1.1843,1.1922,1.1933,1.1844,119380,-0.62,1.1829,1.2052
2021.03.05,1.1917,1.1968,1.1978,1.1894,121580,-0.41,1.1828,1.2074
2021.03.04,1.1966,1.2063,1.2068,1.1961,130050,-0.8,1.1827,1.209
2021.03.03,1.2062,1.2091,1.2113,1.2042,125200,-0.22,1.1826,1.2103
2021.03.02,1.2089,1.2049,1.2095,1.1991,117170,0.35,1.1824,1.2108
2021.03.01,1.2047,1.2079,1.2102,1.2027,138890,-0.22,1.1821,1.2109
2021.02.26,1.2074,1.2176,1.2185,1.2062,158340,-0.84,1.1819,1.2116
2021.02.25,1.2176,1.2163,1.2243,1.2155,179310,0.1,1.1816,1.2121
2021.02.24,1.2164,1.215,1.2176,1.2109,130680,0.12,1.1813,1.2115
2021.02.23,1.2149,1.2155,1.2181,1.2135,149820,-0.04,1.1809,1.2109
2021.02.22,1.2154,1.2117,1.217,1.2091,111590,0.31,1.1806,1.2105
2021.02.19,1.2117,1.2091,1.2145,1.2082,128460,0.24,1.1802,1.21
2021.02.18,1.2088,1.2037,1.2096,1.2035,126810,0.43,1.1799,1.2098
2021.02.17,1.2036,1.2107,1.2111,1.2023,134240,-0.56,1.1796,1.21
2021.02.16,1.2104,1.213,1.217,1.2095,123980,-0.19,1.1794,1.2106
2021.02.15,1.2127,1.2123,1.2146,1.2116,86110,0.07,1.1791,1.2106
2021.02.12,1.2118,1.213,1.2135,1.2081,96590,-0.08,1.1787,1.2104
2021.02.11,1.2128,1.2118,1.215,1.2112,103480,0.1,1.1784,1.2103
2021.02.10,1.2116,1.2119,1.2145,1.2108,125150,-0.01,1.178,1.21
2021.02.09,1.2117,1.2048,1.2122,1.2045,134120,0.57,1.1777,1.2098
2021.02.08,1.2048,1.2042,1.2067,1.2019,150880,0.05,1.1774,1.2097
2021.02.05,1.2042,1.1964,1.205,1.1952,106010,0.67,1.1771,1.2102
2021.02.04,1.1962,1.2033,1.2043,1.1957,116510,-0.6,1.1768,1.2108
2021.02.03,1.2034,1.2044,1.205,1.2003,140650,-0.07,1.1766,1.2123
2021.02.02,1.2042,1.2059,1.2089,1.2011,165340,-0.14,1.1763,1.2133
2021.02.01,1.2059,1.214,1.2146,1.2054,150230,-0.63,1.1761,1.2142
2021.01.29,1.2136,1.2121,1.2156,1.2093,181150,0.12,1.1758,1.2151
2021.01.28,1.2121,1.2109,1.2142,1.2079,194460,0.11,1.1754,1.2153
2021.01.27,1.2108,1.216,1.217,1.2057,149640,-0.43,1.175,1.2156
2021.01.26,1.216,1.2138,1.2177,1.2107,110110,0.19,1.1747,1.2161
2021.01.25,1.2137,1.2168,1.2184,1.2115,109570,-0.25,1.1742,1.2161
2021.01.22,1.2167,1.2164,1.2191,1.2151,108290,0.04,1.1738,1.2164
2021.01.21,1.2162,1.2106,1.2175,1.2103,118930,0.48,1.1734,1.2163
2021.01.20,1.2104,1.2127,1.2158,1.2076,111470,-0.2,1.173,1.2163
2021.01.19,1.2128,1.2078,1.2146,1.2074,98730,0.43,1.1726,1.217
2021.01.18,1.2076,1.2085,1.2091,1.2054,91540,-0.02,1.1722,1.2174
2021.01.15,1.2078,1.2155,1.2163,1.2074,105010,-0.64,1.1718,1.2184
2021.01.14,1.2156,1.2157,1.2179,1.2111,100480,-0.01,1.1715,1.2195
2021.01.13,1.2157,1.2208,1.2224,1.214,103130,-0.41,1.171,1.22
2021.01.12,1.2207,1.2152,1.2211,1.2136,117450,0.48,1.1706,1.2204
2021.01.11,1.2149,1.2217,1.2227,1.2132,123210,-0.56,1.1701,1.2204
2021.01.08,1.2218,1.2273,1.2284,1.2191,99670,-0.42,1.1696,1.221
2021.01.07,1.227,1.2327,1.2346,1.2244,109240,-0.45,1.1691,1.2209
2021.01.06,1.2325,1.2296,1.235,1.2265,109230,0.25,1.1685,1.2202
2021.01.05,1.2294,1.2247,1.2307,1.2246,107740,0.38,1.1679,1.2189
2021.01.04,1.2248,1.2231,1.231,1.2223,100680,0.29,1.1673,1.2178
2021.01.01,1.2212,1.2216,1.2217,1.221,0,-0.01,1.1667,1.2171
2020.12.31,1.2213,1.2298,1.231,1.2209,89060,-0.67,1.1661,1.2167
2020.12.30,1.2295,1.2248,1.2311,1.2246,104540,0.39,1.1656,1.2162
2020.12.29,1.2247,1.2217,1.2276,1.2207,98530,0.27,1.165,1.2148
2020.12.28,1.2214,1.2202,1.2251,1.2181,77760,0.08,1.1644,1.2137
2020.12.25,1.2204,1.2186,1.2212,1.2165,14420,0.15,1.1638,1.2129
2020.12.24,1.2186,1.2188,1.2217,1.2177,134450,0.01,1.1632,1.2121
2020.12.23,1.2185,1.2163,1.2221,1.2154,197790,0.2,1.1627,1.2115
2020.12.22,1.2161,1.2244,1.2257,1.2151,179410,-0.66,1.1621,1.2107
2020.12.21,1.2242,1.2242,1.2254,1.2129,162420,-0.11,1.1615,1.2101
2020.12.18,1.2255,1.2268,1.2273,1.2225,103620,-0.09,1.1609,1.2087
2020.12.17,1.2266,1.2199,1.2274,1.2191,118830,0.57,1.1603,1.2069
2020.12.16,1.2197,1.2152,1.2213,1.2125,141790,0.38,1.1596,1.2048
2020.12.15,1.2151,1.2143,1.217,1.2121,121010,0.07,1.159,1.2033
2020.12.14,1.2143,1.2131,1.2177,1.2115,92550,0.26,1.1584,1.202
2020.12.11,1.2111,1.2137,1.2163,1.2105,86530,-0.21,1.1579,1.2007
2020.12.10,1.2136,1.2083,1.216,1.2075,94870,0.46,1.1573,1.1996
2020.12.09,1.2081,1.2103,1.2148,1.2059,134030,-0.17,1.1568,1.1982
2020.12.08,1.2101,1.2109,1.2134,1.2095,150890,-0.06,1.1563,1.1971
2020.12.07,1.2108,1.2128,1.2167,1.2078,130830,-0.1,1.1557,1.1957
2020.12.04,1.212,1.2142,1.2178,1.211,131090,-0.16,1.1552,1.1942
2020.12.03,1.214,1.2115,1.2177,1.21,132120,0.21,1.1546,1.1923
2020.12.02,1.2115,1.207,1.2119,1.204,105230,0.37,1.154,1.19
2020.12.01,1.207,1.1928,1.2077,1.1926,100310,1.19,1.1534,1.1877
2020.11.30,1.1928,1.1957,1.2004,1.1924,74000,-0.28,1.1529,1.1857
2020.11.27,1.1962,1.1914,1.1965,1.1907,72270,0.41,1.1525,1.1849
2020.11.26,1.1913,1.1916,1.1941,1.1884,78640,0,1.152,1.1838
2020.11.25,1.1913,1.1891,1.1931,1.1882,105990,0.21,1.1516,1.183
2020.11.24,1.1888,1.1842,1.1897,1.1837,96600,0.41,1.1512,1.1821
2020.11.23,1.184,1.1853,1.1906,1.18,86120,-0.11,1.1509,1.1814
2020.11.20,1.1853,1.1875,1.1891,1.1849,103330,-0.17,1.1505,1.1811
2020.11.19,1.1873,1.1853,1.1883,1.1816,113760,0.18,1.1502,1.1807
2020.11.18,1.1852,1.1863,1.1892,1.1848,129039,-0.08,1.1498,1.18
2020.11.17,1.1861,1.1852,1.1895,1.1842,87180,0.07,1.1495,1.1794
2020.11.16,1.1853,1.1829,1.1869,1.1813,84280,0.18,1.1491,1.1787
2020.11.13,1.1832,1.1805,1.1838,1.1798,117640,0.24,1.1487,1.178
2020.11.12,1.1804,1.1777,1.1824,1.1758,136870,0.23,1.1484,1.1775
2020.11.11,1.1777,1.181,1.1834,1.1745,142790,-0.31,1.1481,1.1772
2020.11.10,1.1814,1.1812,1.1844,1.178,164310,0.01,1.1478,1.1771
2020.11.09,1.1813,1.1882,1.192,1.1795,151730,-0.5,1.1474,1.1766
2020.11.06,1.1872,1.1826,1.1891,1.1795,133310,0.43,1.1471,1.1762
2020.11.05,1.1821,1.1725,1.1861,1.171,124200,0.84,1.1467,1.175
2020.11.04,1.1722,1.1715,1.177,1.1603,143650,0.09,1.1463,1.1742
2020.11.03,1.1711,1.164,1.174,1.1633,89570,0.61,1.1461,1.1745
2020.11.02,1.164,1.1658,1.1658,1.1622,87850,-0.06,1.1458,1.1748
2020.10.30,1.1647,1.1674,1.1705,1.1639,116350,-0.23,1.1456,1.1759
2020.10.29,1.1674,1.1746,1.176,1.165,148260,-0.6,1.1454,1.1771
2020.10.28,1.1744,1.1796,1.1798,1.1717,110980,-0.43,1.1452,1.1782
2020.10.27,1.1795,1.181,1.1839,1.1793,87250,-0.11,1.1449,1.1786
2020.10.26,1.1808,1.1858,1.1861,1.1803,84540,-0.43,1.1446,1.1785
2020.10.23,1.1859,1.1819,1.1866,1.1787,99230,0.36,1.1442,1.1782
2020.10.22,1.1816,1.1862,1.1868,1.1811,92340,-0.38,1.1438,1.1774
2020.10.21,1.1861,1.1822,1.1882,1.1821,102150,0.34,1.1434,1.177
2020.10.20,1.1821,1.1769,1.1841,1.176,80900,0.47,1.143,1.176
2020.10.19,1.1766,1.1722,1.1795,1.1703,79030,0.41,1.1426,1.1753
2020.10.16,1.1718,1.1708,1.1746,1.1694,99820,0.1,1.1422,1.1752
2020.10.15,1.1706,1.1747,1.176,1.1688,93650,-0.34,1.1419,1.1756
2020.10.14,1.1746,1.1746,1.1772,1.1719,101990,0.02,1.1417,1.1761
2020.10.13,1.1744,1.1813,1.1817,1.1731,109710,-0.58,1.1413,1.1763
2020.10.12,1.1813,1.1819,1.1827,1.1786,93740,-0.09,1.141,1.1765
2020.10.09,1.1824,1.1759,1.1832,1.1753,80070,0.56,1.1406,1.1759
2020.10.08,1.1758,1.1762,1.1782,1.1732,123240,-0.02,1.1402,1.1753
2020.10.07,1.176,1.1735,1.1783,1.1724,110950,0.22,1.1398,1.1752
2020.10.06,1.1734,1.1782,1.1809,1.1731,116860,-0.4,1.1394,1.1751
2020.10.05,1.1781,1.1716,1.1798,1.1707,89850,0.58,1.1391,1.1753
2020.10.02,1.1713,1.1748,1.1751,1.1695,133920,-0.29,1.1387,1.175
2020.10.01,1.1747,1.1719,1.177,1.1717,124500,0.25,1.1384,1.1754
2020.09.30,1.1718,1.1743,1.1756,1.1684,97740,-0.2,1.138,1.1755
2020.09.29,1.1742,1.1666,1.1746,1.166,83240,0.67,1.1377,1.1759
2020.09.28,1.1664,1.1638,1.1679,1.1615,66530,0.29,1.1373,1.176
2020.09.25,1.163,1.1671,1.1686,1.1612,110250,-0.36,1.137,1.1771
2020.09.24,1.1672,1.166,1.1688,1.1626,137590,0.11,1.1368,1.1785
2020.09.23,1.1659,1.1708,1.1719,1.1651,138940,-0.4,1.1365,1.1797
2020.09.22,1.1706,1.177,1.1774,1.1691,126680,-0.54,1.1362,1.1812
2020.09.21,1.1769,1.1848,1.1873,1.1731,138820,-0.57,1.1358,1.1823
2020.09.18,1.1837,1.1848,1.1871,1.1826,101560,-0.08,1.1354,1.1829
2020.09.17,1.1847,1.1816,1.1854,1.1737,120760,0.28,1.1349,1.1828
2020.09.16,1.1814,1.185,1.1883,1.1787,99170,-0.26,1.1344,1.1826
2020.09.15,1.1845,1.1865,1.1901,1.1839,74090,-0.19,1.1339,1.1827
2020.09.14,1.1868,1.184,1.1889,1.183,66100,0.19,1.1334,1.1825
2020.09.11,1.1845,1.1814,1.1875,1.1812,85260,0.27,1.1329,1.182
2020.09.10,1.1813,1.1801,1.1918,1.18,97140,0.09,1.1324,1.1818
2020.09.09,1.1802,1.1777,1.1834,1.1753,107960,0.2,1.1319,1.1818
2020.09.08,1.1779,1.1817,1.1829,1.1765,108810,-0.32,1.1314,1.182
2020.09.07,1.1817,1.1833,1.1849,1.1811,72670,-0.18,1.1309,1.1824
2020.09.04,1.1838,1.185,1.1866,1.1781,99670,-0.09,1.1304,1.1825
2020.09.03,1.1849,1.1852,1.1866,1.1789,106370,-0.03,1.1299,1.1824
2020.09.02,1.1853,1.1911,1.1931,1.1822,102490,-0.48,1.1293,1.1821
2020.09.01,1.191,1.1936,1.2012,1.1901,103880,-0.22,1.1288,1.1818
2020.08.31,1.1936,1.1899,1.1967,1.1883,86900,0.28,1.1282,1.1808
2020.08.28,1.1903,1.1822,1.192,1.181,95960,0.69,1.1275,1.1795
2020.08.27,1.1821,1.1831,1.1902,1.1762,104950,-0.07,1.1269,1.1783
2020.08.26,1.1829,1.1834,1.1841,1.1772,99760,-0.03,1.1263,1.1779
2020.08.25,1.1833,1.1793,1.1845,1.1783,99430,0.39,1.1257,1.1774
2020.08.24,1.1787,1.1787,1.1851,1.1783,86280,-0.07,1.1252,1.1768
2020.08.21,1.1795,1.186,1.1883,1.1754,98560,-0.54,1.1246,1.1766
2020.08.20,1.1859,1.1839,1.1869,1.1802,114050,0.19,1.1241,1.1763
2020.08.19,1.1836,1.1931,1.1954,1.183,110240,-0.78,1.1234,1.1753
2020.08.18,1.1929,1.187,1.1967,1.1865,105450,0.51,1.1228,1.1744
2020.08.17,1.1869,1.184,1.1882,1.1829,86600,0.24,1.1221,1.1725
2020.08.14,1.1841,1.1815,1.1852,1.1782,78130,0.25,1.1215,1.171
2020.08.13,1.1812,1.1786,1.1865,1.1781,93340,0.25,1.1209,1.1696
2020.08.12,1.1782,1.174,1.1816,1.171,81070,0.37,1.1203,1.1683
2020.08.11,1.1739,1.1738,1.1808,1.1722,101790,0.03,1.1197,1.1673
2020.08.10,1.1736,1.1788,1.1803,1.1736,87410,-0.42,1.1191,1.1666
2020.08.07,1.1786,1.1877,1.1884,1.1755,102810,-0.75,1.1186,1.1659
2020.08.06,1.1875,1.1863,1.1917,1.1818,121220,0.12,1.118,1.1645
2020.08.05,1.1861,1.1802,1.1906,1.1793,106240,0.52,1.1173,1.1621
2020.08.04,1.18,1.1765,1.1807,1.172,90140,0.33,1.1166,1.1596
2020.08.03,1.1761,1.1783,1.1797,1.1696,97010,-0.11,1.1159,1.1575
2020.07.31,1.1774,1.1846,1.191,1.176,111290,-0.61,1.1153,1.1555
2020.07.30,1.1846,1.1788,1.1849,1.1731,119560,0.47,1.1147,1.1532
2020.07.29,1.179,1.1718,1.1807,1.1714,99770,0.65,1.114,1.1499
2020.07.28,1.1714,1.1753,1.1774,1.1698,103300,-0.31,1.1134,1.1468
2020.07.27,1.1751,1.1646,1.1782,1.1637,102170,0.83,1.1128,1.1442
2020.07.24,1.1654,1.1597,1.1659,1.158,107480,0.52,1.1122,1.141
2020.07.23,1.1594,1.1575,1.1628,1.1539,101830,0.22,1.1116,1.1384
2020.07.22,1.1568,1.1528,1.1602,1.1507,98970,0.36,1.1111,1.1362
2020.07.21,1.1526,1.1447,1.154,1.1422,91410,0.72,1.1107,1.134
2020.07.20,1.1444,1.141,1.1468,1.1401,91330,0.16,1.1103,1.1321
2020.07.17,1.1426,1.1384,1.1444,1.1377,104770,0.38,1.1099,1.1308
2020.07.16,1.1383,1.1411,1.1443,1.137,117850,-0.24,1.1096,1.1295
2020.07.15,1.141,1.14,1.1452,1.1391,114090,0.12,1.1093,1.1286
2020.07.14,1.1396,1.1343,1.1409,1.1324,122200,0.49,1.109,1.1273
2020.07.13,1.134,1.13,1.1375,1.1297,94590,0.37,1.1087,1.126
2020.07.10,1.1298,1.1285,1.1326,1.1255,92410,0.15,1.1084,1.1252
2020.07.09,1.1281,1.1329,1.1372,1.1279,102920,-0.42,1.1082,1.1247
2020.07.08,1.1329,1.1273,1.1352,1.1262,114710,0.52,1.108,1.1243
2020.07.07,1.127,1.1308,1.1334,1.1258,118910,-0.34,1.1078,1.1234
2020.07.06,1.1308,1.1242,1.1346,1.124,92460,0.53,1.1076,1.1231
2020.07.03,1.1248,1.1239,1.1254,1.1219,117330,0.09,1.1073,1.1222
2020.07.02,1.1238,1.1252,1.1303,1.1222,109990,-0.11,1.1071,1.122
2020.07.01,1.125,1.1233,1.1276,1.1185,98490,0.17,1.107,1.1218
2020.06.30,1.1231,1.1242,1.1263,1.1191,125660,-0.08,1.1068,1.1214
2020.06.29,1.124,1.1227,1.1289,1.1216,120440,0.21,1.1066,1.1213
2020.06.26,1.1217,1.1218,1.1241,1.1194,117840,0,1.1065,1.121
2020.06.25,1.1217,1.1251,1.1261,1.119,130050,-0.29,1.1063,1.1209
2020.06.24,1.125,1.1308,1.1327,1.1248,121540,-0.5,1.1062,1.1208
2020.06.23,1.1306,1.1259,1.135,1.1233,131870,0.43,1.106,1.1204
2020.06.22,1.1258,1.1185,1.1271,1.1168,109670,0.74,1.1057,1.1193
2020.06.19,1.1175,1.1205,1.1255,1.1168,122260,-0.24,1.1055,1.1186
2020.06.18,1.1202,1.1244,1.1264,1.1185,125420,-0.36,1.1054,1.1187
2020.06.17,1.1243,1.1264,1.1295,1.1207,137110,-0.18,1.1052,1.1186
2020.06.16,1.1263,1.1325,1.1353,1.1228,120590,-0.52,1.1051,1.118
2020.06.15,1.1322,1.1245,1.1334,1.1226,127450,0.6,1.1048,1.1171
2020.06.12,1.1254,1.1299,1.1341,1.1212,119100,-0.38,1.1046,1.1155
2020.06.11,1.1297,1.1373,1.1404,1.1287,144070,-0.63,1.1044,1.1145
2020.06.10,1.1369,1.134,1.1423,1.1322,120980,0.26,1.1041,1.1129
2020.06.09,1.134,1.1297,1.1365,1.1241,119400,0.43,1.1038,1.1103
2020.06.08,1.1292,1.1289,1.1321,1.1267,92170,0.07,1.1035,1.1078
2020.06.05,1.1284,1.1337,1.1385,1.1278,118690,-0.46,1.1032,1.1056
2020.06.04,1.1336,1.1234,1.1363,1.1194,123940,0.93,1.103,1.1032
2020.06.03,1.1232,1.1172,1.1257,1.1166,136510,0.56,1.1026,1.1
2020.06.02,1.1169,1.1137,1.1197,1.1114,128720,0.31,1.1024,1.0976
2020.06.01,1.1134,1.1097,1.1155,1.1095,103970,0.32,1.1023,1.0955
2020.05.29,1.1098,1.1078,1.1146,1.107,119660,0.2,1.1022,1.0936
2020.05.28,1.1076,1.1005,1.1094,1.0991,121590,0.66,1.1021,1.0919
2020.05.27,1.1003,1.0983,1.1032,1.0934,123600,0.21,1.1021,1.0903
2020.05.26,1.098,1.0899,1.0997,1.0891,100330,0.74,1.1021,1.0892
2020.05.25,1.0899,1.0903,1.0915,1.087,65120,-0.01,1.1021,1.0883
2020.05.22,1.09,1.0949,1.0961,1.0885,118980,-0.45,1.1022,1.0881
2020.05.21,1.0949,1.0979,1.101,1.0936,109500,-0.26,1.1024,1.0879
2020.05.20,1.0977,1.0928,1.1,1.0918,118500,0.51,1.1024,1.0872
2020.05.19,1.0921,1.0913,1.0977,1.0901,112060,0.08,1.1025,1.0861
2020.05.18,1.0912,1.0816,1.0927,1.0799,90580,0.9,1.1026,1.0855
2020.05.15,1.0815,1.0805,1.0851,1.0789,98480,0.1,1.1027,1.0849
2020.05.14,1.0804,1.0819,1.0826,1.0775,115470,-0.11,1.1029,1.0852
2020.05.13,1.0816,1.0848,1.0897,1.0811,119990,-0.28,1.1031,1.0857
2020.05.12,1.0846,1.0807,1.0885,1.0784,125120,0.37,1.1034,1.0862
2020.05.11,1.0806,1.0838,1.0851,1.08,96780,-0.31,1.1035,1.0863
2020.05.08,1.084,1.0833,1.0876,1.0814,104970,0.07,1.1038,1.0869
2020.05.07,1.0832,1.0795,1.0835,1.0766,109250,0.35,1.104,1.0872
2020.05.06,1.0794,1.0836,1.0848,1.0782,106060,-0.41,1.1042,1.0877
2020.05.05,1.0838,1.0907,1.0927,1.0826,100330,-0.62,1.1044,1.0885
2020.05.04,1.0906,1.098,1.098,1.0895,87750,-0.7,1.1046,1.089
2020.05.01,1.0983,1.0956,1.1019,1.0934,91350,0.26,1.1048,1.0889
2020.04.30,1.0955,1.0872,1.0973,1.0833,122440,0.75,1.1048,1.0879
2020.04.29,1.0873,1.0819,1.0886,1.0818,131410,0.51,1.1049,1.0871
2020.04.28,1.0818,1.0829,1.089,1.081,132700,-0.09,1.1051,1.0871
2020.04.27,1.0828,1.0809,1.0862,1.0808,113190,0.07,1.1054,1.0876
2020.04.24,1.082,1.0778,1.0831,1.0726,119650,0.41,1.1056,1.0881
2020.04.23,1.0776,1.0824,1.0848,1.0755,121040,-0.43,1.1058,1.0888
2020.04.22,1.0822,1.0857,1.0886,1.0802,114980,-0.31,1.1061,1.0899
2020.04.21,1.0856,1.0862,1.0882,1.0816,121510,-0.06,1.1063,1.0908
2020.04.20,1.0862,1.0875,1.0898,1.0841,114310,-0.13,1.1065,1.0913
2020.04.17,1.0876,1.0835,1.0893,1.0812,129160,0.38,1.1068,1.0918
2020.04.16,1.0835,1.0911,1.0913,1.0817,128710,-0.66,1.1069,1.0923
2020.04.15,1.0907,1.098,1.0991,1.0856,111310,-0.66,1.1072,1.0932
2020.04.14,1.0979,1.0914,1.0988,1.0904,110470,0.6,1.1073,1.0935
2020.04.13,1.0913,1.0941,1.0969,1.0892,62170,-0.2,1.1074,1.093
2020.04.10,1.0935,1.093,1.0953,1.0919,62110,0.07,1.1076,1.0932
2020.04.09,1.0927,1.0857,1.0953,1.0841,116280,0.65,1.1077,1.0932
2020.04.08,1.0856,1.0891,1.0904,1.0829,128090,-0.3,1.1079,1.0932
2020.04.07,1.0889,1.0793,1.0926,1.0783,140120,0.91,1.1081,1.094
2020.04.06,1.0791,1.0813,1.0835,1.0768,115260,-0.16,1.1083,1.0945
2020.04.03,1.0808,1.0858,1.0865,1.0773,114660,-0.44,1.1086,1.0962
2020.04.02,1.0856,1.0964,1.097,1.082,131830,-0.97,1.1089,1.0978
2020.04.01,1.0962,1.1031,1.104,1.0903,127790,-0.61,1.1091,1.0991
2020.03.31,1.1029,1.1049,1.1056,1.0926,132030,-0.15,1.1092,1.0994
2020.03.30,1.1046,1.1136,1.1145,1.101,120260,-0.84,1.1093,1.099
2020.03.27,1.114,1.103,1.1148,1.0953,137100,1.02,1.1094,1.0984
2020.03.26,1.1028,1.0881,1.1059,1.0869,135710,1.36,1.1093,1.0968
2020.03.25,1.088,1.0789,1.0895,1.0761,141890,0.86,1.1094,1.0961
2020.03.24,1.0787,1.0726,1.0889,1.0722,140570,0.62,1.1096,1.097
2020.03.23,1.0721,1.0696,1.0828,1.0637,142130,0.25,1.1099,1.0989
2020.03.20,1.0694,1.0691,1.0832,1.0637,157420,0.04,1.1103,1.1017
2020.03.19,1.069,1.0915,1.0982,1.0654,154120,-2.04,1.1107,1.1051
2020.03.18,1.0913,1.0997,1.1046,1.0802,142400,-0.75,1.1111,1.109
2020.03.17,1.0996,1.1183,1.119,1.0955,135650,-1.65,1.1113,1.1108
2020.03.16,1.1181,1.1085,1.1237,1.1046,140340,0.68,1.1114,1.112
2020.03.13,1.1105,1.1185,1.1222,1.1054,150520,-0.7,1.1114,1.1113
2020.03.12,1.1183,1.1269,1.1334,1.1055,141450,-0.75,1.1114,1.1114
2020.03.11,1.1267,1.128,1.1367,1.1257,136100,-0.11,1.1113,1.1107
2020.03.10,1.1279,1.1446,1.1459,1.1274,130039,-1.47,1.1111,1.109
2020.03.09,1.1447,1.1292,1.1494,1.1284,140670,1.44,1.111,1.107
2020.03.06,1.1285,1.1238,1.1356,1.1212,120580,0.41,1.1106,1.1031
2020.03.05,1.1239,1.1136,1.1245,1.1119,95960,0.94,1.1105,1.1004
2020.03.04,1.1134,1.1172,1.1187,1.1094,99180,-0.33,1.1103,1.0979
2020.03.03,1.1171,1.1133,1.1214,1.1095,111380,0.35,1.1103,1.0963
2020.03.02,1.1132,1.1003,1.1186,1.1003,112460,0.97,1.1102,1.0941
2020.02.28,1.1025,1.1001,1.1054,1.095,103280,0.25,1.1102,1.0921
2020.02.27,1.0998,1.0881,1.1006,1.0878,96550,1.09,1.1103,1.091
2020.02.26,1.0879,1.0881,1.091,1.0855,96530,0,1.1104,1.0901
2020.02.25,1.0879,1.0854,1.0891,1.0829,95390,0.25,1.1106,1.0903
2020.02.24,1.0852,1.0841,1.0872,1.0805,80310,0.08,1.1108,1.0906
2020.02.21,1.0843,1.0785,1.0864,1.0783,72950,0.56,1.1111,1.0911
2020.02.20,1.0783,1.0806,1.0821,1.0776,79090,-0.19,1.1114,1.0918
2020.02.19,1.0804,1.0791,1.0812,1.0782,78970,0.12,1.1117,1.0933
2020.02.18,1.0791,1.0838,1.0839,1.0785,79000,-0.4,1.112,1.0946
2020.02.17,1.0834,1.0832,1.0852,1.0821,57610,0.04,1.1123,1.0963
2020.02.14,1.083,1.0841,1.0862,1.0827,71960,-0.09,1.1126,1.0976
2020.02.13,1.084,1.0874,1.089,1.0833,74390,-0.29,1.1129,1.0992
2020.02.12,1.0871,1.0916,1.0927,1.0864,71510,-0.39,1.1132,1.1008
2020.02.11,1.0914,1.0911,1.0926,1.0891,73600,0.05,1.1135,1.1022
2020.02.10,1.0909,1.0951,1.0958,1.0907,75920,-0.31,1.1137,1.1033
2020.02.07,1.0943,1.0983,1.0986,1.0941,69260,-0.34,1.1139,1.1046
2020.02.06,1.098,1.0999,1.1014,1.0964,72550,-0.15,1.1141,1.1057
2020.02.05,1.0997,1.1044,1.1049,1.0993,71870,-0.41,1.1143,1.1065
2020.02.04,1.1042,1.1059,1.1065,1.1033,71230,-0.14,1.1144,1.1073
2020.02.03,1.1058,1.1092,1.1096,1.1035,63800,-0.32,1.1145,1.1076
2020.01.31,1.1093,1.1032,1.1097,1.1016,69730,0.57,1.1146,1.1078
2020.01.30,1.103,1.101,1.104,1.1006,71940,0.19,1.1147,1.1076
2020.01.29,1.1009,1.1022,1.1028,1.0991,66910,-0.1,1.1148,1.1081
2020.01.28,1.102,1.1019,1.1026,1.0998,63240,0.04,1.1149,1.1088
2020.01.27,1.1016,1.1021,1.1039,1.1009,66680,-0.06,1.1151,1.1096
2020.01.24,1.1023,1.1055,1.1063,1.102,56270,-0.26,1.1152,1.1104
2020.01.23,1.1052,1.1092,1.1109,1.1036,51040,-0.35,1.1153,1.1113
2020.01.22,1.1091,1.1084,1.1099,1.107,61010,0.08,1.1154,1.1119
2020.01.21,1.1082,1.1095,1.1119,1.108,59800,-0.11,1.1155,1.1122
2020.01.20,1.1094,1.1092,1.1104,1.1076,48780,0.05,1.1156,1.1126
2020.01.17,1.1088,1.1136,1.1143,1.1085,51680,-0.42,1.1156,1.1129
2020.01.16,1.1135,1.1151,1.1173,1.1128,63960,-0.13,1.1157,1.1134
2020.01.15,1.1149,1.113,1.1164,1.1118,73330,0.2,1.1157,1.1134
2020.01.14,1.1127,1.1135,1.1145,1.1104,75220,-0.05,1.1157,1.1132
2020.01.13,1.1133,1.1125,1.1148,1.1112,64890,0.12,1.1158,1.1133
2020.01.10,1.112,1.1106,1.113,1.1085,63100,0.14,1.1158,1.1133
2020.01.09,1.1105,1.1106,1.1121,1.1092,71070,0.02,1.1158,1.1134
2020.01.08,1.1103,1.1154,1.1169,1.1101,87760,-0.43,1.1159,1.1137
2020.01.07,1.1151,1.1198,1.1198,1.1133,69970,-0.38,1.1159,1.114
2020.01.06,1.1193,1.1168,1.1207,1.1155,58880,0.31,1.1159,1.1139
2020.01.03,1.1158,1.1172,1.1181,1.1125,56620,-0.11,1.1159,1.1134
2020.01.02,1.117,1.1212,1.1227,1.1163,43890,-0.36,1.1159,1.1131
2020.01.01,1.121,1.1213,1.1223,1.1205,780,0,1.1159,1.1127
2019.12.31,1.121,1.1198,1.124,1.1198,43320,0.12,1.1159,1.1118
2019.12.30,1.1197,1.1175,1.1223,1.117,51630,0.2,1.1158,1.1109
2019.12.27,1.1175,1.1097,1.1188,1.1095,51370,0.71,1.1158,1.1099
2019.12.26,1.1096,1.1091,1.111,1.1082,30960,0.05,1.1157,1.1091
2019.12.25,1.109,1.1089,1.1107,1.1073,16740,0.03,1.1158,1.1091
2019.12.24,1.1087,1.1089,1.1095,1.1069,55940,0.01,1.1159,1.1091
2019.12.23,1.1086,1.1081,1.1097,1.1069,48040,0.07,1.1159,1.1091
2019.12.20,1.1078,1.1122,1.1127,1.1065,49590,-0.38,1.116,1.1092
2019.12.19,1.112,1.1113,1.1145,1.1107,53350,0.08,1.1161,1.1093
2019.12.18,1.1111,1.115,1.1156,1.111,54790,-0.34,1.1161,1.1091
2019.12.17,1.1149,1.1143,1.1176,1.1128,58490,0.06,1.1162,1.1088
2019.12.16,1.1142,1.1122,1.1159,1.1122,55190,0.21,1.1162,1.1082
2019.12.13,1.1119,1.1129,1.12,1.1111,81100,-0.08,1.1162,1.1076
2019.12.12,1.1128,1.113,1.1155,1.1102,67590,0,1.1163,1.1071
2019.12.11,1.1128,1.1092,1.1145,1.107,62710,0.32,1.1163,1.1065
2019.12.10,1.1092,1.1063,1.1099,1.1062,59630,0.27,1.1163,1.1059
2019.12.09,1.1062,1.1055,1.1079,1.1052,42700,0.05,1.1164,1.1055
2019.12.06,1.1057,1.1105,1.1111,1.104,47040,-0.41,1.1165,1.1054
2019.12.05,1.1102,1.1079,1.1109,1.1077,53750,0.23,1.1166,1.1054
2019.12.04,1.1076,1.1082,1.1116,1.1066,65260,-0.05,1.1167,1.1049
2019.12.03,1.1081,1.1078,1.1094,1.1065,67150,0.04,1.1168,1.1046
2019.12.02,1.1077,1.1014,1.109,1.1003,62320,0.56,1.1169,1.1043
2019.11.29,1.1015,1.1008,1.1029,1.098,57110,0.07,1.117,1.1039
2019.11.28,1.1007,1.0999,1.1019,1.0999,60180,0.08,1.1171,1.1042
2019.11.27,1.0998,1.102,1.1026,1.0991,61750,-0.18,1.1173,1.1045
2019.11.26,1.1018,1.1014,1.1027,1.1006,60850,0.05,1.1175,1.105
2019.11.25,1.1013,1.1024,1.1033,1.1004,57550,-0.08,1.1176,1.1054
2019.11.22,1.1022,1.1058,1.1086,1.1014,65360,-0.32,1.1178,1.1058
2019.11.21,1.1057,1.1074,1.1098,1.1051,70470,-0.14,1.1179,1.1062
2019.11.20,1.1072,1.1078,1.1083,1.1053,75060,-0.05,1.1181,1.1062
2019.11.19,1.1078,1.1072,1.1085,1.1062,67020,0.07,1.1182,1.1061
2019.11.18,1.107,1.1052,1.1091,1.1048,64200,0.18,1.1183,1.1059
2019.11.15,1.105,1.1021,1.1058,1.1014,65269,0.26,1.1184,1.1058
2019.11.14,1.1021,1.1006,1.1028,1.0989,68060,0.14,1.1185,1.1059
2019.11.13,1.1006,1.101,1.1021,1.0994,64750,-0.01,1.1187,1.1063
2019.11.12,1.1007,1.1033,1.104,1.1002,58970,-0.23,1.1189,1.1069
2019.11.11,1.1032,1.1022,1.1044,1.1016,45860,0.15,1.119,1.1075
2019.11.08,1.1016,1.105,1.1056,1.1016,56670,-0.3,1.1192,1.108
2019.11.07,1.1049,1.1066,1.1092,1.1035,84040,-0.14,1.1194,1.1087
2019.11.06,1.1065,1.1075,1.1094,1.1064,73320,-0.08,1.1195,1.1091
2019.11.05,1.1074,1.1128,1.1141,1.1063,81700,-0.47,1.1197,1.1093
2019.11.04,1.1126,1.1165,1.1176,1.1124,66790,-0.35,1.1198,1.1095
2019.11.01,1.1165,1.1152,1.1172,1.1128,67560,0.13,1.1199,1.1092
2019.10.31,1.115,1.1151,1.1176,1.113,84760,0.02,1.1199,1.1084
2019.10.30,1.1148,1.1112,1.1152,1.1079,71390,0.34,1.1199,1.1078
2019.10.29,1.111,1.1099,1.112,1.1073,56620,0.11,1.12,1.107
2019.10.28,1.1098,1.1082,1.1108,1.1076,49680,0.18,1.1201,1.1066
2019.10.25,1.1078,1.1104,1.1123,1.1072,66880,-0.23,1.1202,1.1063
2019.10.24,1.1104,1.1131,1.1164,1.1092,77930,-0.22,1.1203,1.1061
2019.10.23,1.1129,1.1125,1.1141,1.1106,77540,0.04,1.1204,1.1056
2019.10.22,1.1124,1.115,1.1158,1.1118,77870,-0.22,1.1205,1.1049
2019.10.21,1.1148,1.1143,1.118,1.1137,72460,-0.19,1.1206,1.1041
2019.10.18,1.1169,1.1125,1.1173,1.1114,71330,0.42,1.1206,1.1029
2019.10.17,1.1122,1.1072,1.1141,1.1064,86080,0.47,1.1207,1.1015
2019.10.16,1.107,1.1033,1.1086,1.1021,87180,0.35,1.1207,1.1003
2019.10.15,1.1031,1.1028,1.1047,1.0991,88260,0.03,1.1209,1.0996
2019.10.14,1.1028,1.1044,1.105,1.1013,70530,-0.11,1.1211,1.0993
2019.10.11,1.104,1.1006,1.1063,1.1,92510,0.33,1.1212,1.0989
2019.10.10,1.1004,1.0971,1.1035,1.097,90920,0.32,1.1214,1.0984
2019.10.09,1.0969,1.0956,1.0991,1.0951,74640,0.14,1.1216,1.0982
2019.10.08,1.0954,1.0971,1.0997,1.0941,77640,-0.15,1.1219,1.0983
2019.10.07,1.097,1.0976,1.1001,1.0962,63620,-0.05,1.1221,1.0986
2019.10.04,1.0976,1.0963,1.0999,1.0956,77210,0.11,1.1224,1.0988
2019.10.03,1.0964,1.0959,1.1,1.0941,74960,0.05,1.1226,1.0989
2019.10.02,1.0958,1.0933,1.0964,1.0904,59610,0.26,1.1229,1.0992
2019.10.01,1.093,1.09,1.0943,1.0878,66570,0.29,1.1232,1.0995
2019.09.30,1.0898,1.094,1.0948,1.0884,60670,-0.37,1.1235,1.1002
2019.09.27,1.0938,1.0921,1.096,1.0905,70740,0.16,1.1238,1.1013
2019.09.26,1.0921,1.0942,1.0969,1.0908,77230,-0.18,1.1241,1.1021
2019.09.25,1.0941,1.102,1.1025,1.0937,70800,-0.7,1.1244,1.1031
2019.09.24,1.1018,1.0994,1.1025,1.0983,67680,0.25,1.1247,1.1041
2019.09.23,1.0991,1.1016,1.1027,1.0965,62980,-0.24,1.125,1.1043
2019.09.20,1.1017,1.1042,1.1069,1.0996,66060,-0.21,1.1252,1.1049
2019.09.19,1.104,1.103,1.1075,1.1022,68940,0.1,1.1255,1.1052
2019.09.18,1.1029,1.1073,1.1077,1.1013,68220,-0.38,1.1257,1.1053
2019.09.17,1.1071,1.1,1.1076,1.099,78200,0.65,1.1259,1.1056
2019.09.16,1.1,1.1087,1.1093,1.0993,76330,-0.66,1.1261,1.1054
2019.09.13,1.1073,1.1063,1.111,1.1055,81760,0.11,1.1264,1.106
2019.09.12,1.1061,1.1011,1.1087,1.0927,89750,0.47,1.1266,1.1059
2019.09.11,1.1009,1.1044,1.1056,1.0984,75200,-0.31,1.1268,1.1059
2019.09.10,1.1043,1.1047,1.1061,1.103,72760,-0.03,1.127,1.1064
2019.09.09,1.1046,1.1024,1.1069,1.1015,67880,0.17,1.1273,1.1066
2019.09.06,1.1027,1.1034,1.1057,1.102,84700,-0.05,1.1275,1.1068
2019.09.05,1.1033,1.1037,1.1085,1.1016,91310,0,1.1277,1.1072
2019.09.04,1.1033,1.0974,1.1039,1.0968,94440,0.56,1.128,1.1077
2019.09.03,1.0972,1.097,1.0979,1.0926,94860,0.05,1.1282,1.1081
2019.09.02,1.0966,1.0989,1.1,1.0957,67020,-0.21,1.1285,1.1093
2019.08.30,1.0989,1.1056,1.1062,1.0963,83850,-0.6,1.1289,1.1106
2019.08.29,1.1055,1.1077,1.1092,1.1042,83420,-0.2,1.1292,1.1118
2019.08.28,1.1077,1.1091,1.1099,1.1072,83860,-0.12,1.1294,1.1125
2019.08.27,1.109,1.1103,1.1116,1.1085,84150,-0.09,1.1296,1.113
2019.08.26,1.11,1.1145,1.1166,1.1093,94640,-0.39,1.1298,1.1134
2019.08.23,1.1144,1.1079,1.1154,1.1051,91220,0.6,1.13,1.1138
2019.08.22,1.1078,1.1085,1.1114,1.1063,81700,-0.05,1.1302,1.1137
2019.08.21,1.1083,1.11,1.1108,1.108,79980,-0.14,1.1304,1.1144
2019.08.20,1.1099,1.1079,1.1107,1.1065,82510,0.21,1.1306,1.115
2019.08.19,1.1076,1.1092,1.1114,1.1076,71550,-0.12,1.1308,1.1155
2019.08.16,1.1089,1.1107,1.1114,1.1066,75880,-0.15,1.1311,1.1164
2019.08.15,1.1106,1.1139,1.1159,1.1091,92300,-0.29,1.1313,1.1172
2019.08.14,1.1138,1.1171,1.1192,1.113,91930,-0.28,1.1315,1.1179
2019.08.13,1.1169,1.1214,1.1229,1.117,92350,-0.38,1.1317,1.1183
2019.08.12,1.1212,1.1204,1.1231,1.1162,72490,0.13,1.1318,1.1184
2019.08.09,1.1198,1.118,1.1223,1.1179,89360,0.18,1.1319,1.1181
2019.08.08,1.1178,1.1199,1.1233,1.1177,101840,-0.17,1.1321,1.118
2019.08.07,1.1197,1.1199,1.1243,1.1179,105390,-0.01,1.1322,1.118
2019.08.06,1.1198,1.1203,1.125,1.1168,105460,-0.04,1.1323,1.1178
2019.08.05,1.1202,1.1103,1.1214,1.1103,100410,0.86,1.1325,1.1176
2019.08.02,1.1107,1.1085,1.1118,1.107,97580,0.22,1.1326,1.1173
2019.08.01,1.1083,1.1076,1.1096,1.1027,103820,0.08,1.1328,1.118
2019.07.31,1.1074,1.1155,1.1163,1.1059,84770,-0.71,1.133,1.119
2019.07.30,1.1153,1.1144,1.1162,1.1132,78920,0.08,1.1333,1.1202
2019.07.29,1.1144,1.1127,1.1151,1.1113,64099,0.17,1.1335,1.1208
2019.07.26,1.1125,1.1147,1.1151,1.1112,65450,-0.18,1.1337,1.1214
2019.07.25,1.1145,1.1141,1.1188,1.1101,79250,0.05,1.1339,1.1224
2019.07.24,1.1139,1.1152,1.1159,1.1127,80490,-0.11,1.1341,1.1232
2019.07.23,1.1151,1.121,1.1211,1.1145,75820,-0.51,1.1343,1.1242
2019.07.22,1.1208,1.1218,1.1226,1.1206,66810,-0.11,1.1345,1.1251
2019.07.19,1.122,1.1277,1.1283,1.1203,86560,-0.49,1.1346,1.1256
2019.07.18,1.1275,1.1224,1.1281,1.1205,82740,0.46,1.1347,1.126
2019.07.17,1.1223,1.1211,1.1235,1.12,72840,0.12,1.1348,1.1258
2019.07.16,1.1209,1.1257,1.1264,1.1201,73540,-0.43,1.1349,1.1262
2019.07.15,1.1257,1.1269,1.1285,1.1252,61890,-0.11,1.1351,1.1267
2019.07.12,1.1269,1.1254,1.1276,1.1237,78170,0.15,1.1352,1.1268
2019.07.11,1.1252,1.1251,1.1286,1.1244,82670,0.03,1.1353,1.1268
2019.07.10,1.1249,1.1208,1.1264,1.1201,81570,0.38,1.1354,1.127
2019.07.09,1.1206,1.1215,1.122,1.1193,70420,-0.07,1.1355,1.1272
2019.07.08,1.1214,1.1223,1.1235,1.1207,65610,-0.09,1.1356,1.1279
2019.07.05,1.1224,1.1285,1.1288,1.1207,80740,-0.53,1.1358,1.1286
2019.07.04,1.1284,1.1278,1.1296,1.1272,60350,0.06,1.1359,1.1292
2019.07.03,1.1277,1.1285,1.1312,1.1268,74720,-0.05,1.136,1.1293
2019.07.02,1.1283,1.1286,1.1321,1.1274,77150,-0.02,1.136,1.1295
2019.07.01,1.1285,1.1376,1.1376,1.128,76260,-0.73,1.1361,1.1296
2019.06.28,1.1368,1.137,1.1394,1.1351,65180,0,1.1362,1.1297
2019.06.27,1.1368,1.1369,1.1382,1.1348,66450,0,1.1362,1.129
2019.06.26,1.1368,1.1365,1.1392,1.1348,73540,0.03,1.1362,1.1282
2019.06.25,1.1365,1.1399,1.1413,1.1343,72500,-0.27,1.1362,1.1273
2019.06.24,1.1396,1.1361,1.1405,1.1361,59480,0.26,1.1362,1.1263
2019.06.21,1.1366,1.1292,1.1379,1.1282,72790,0.66,1.1361,1.1249
2019.06.20,1.1291,1.1226,1.1319,1.1226,75430,0.6,1.1361,1.1237
2019.06.19,1.1224,1.1193,1.1254,1.1186,58200,0.29,1.1362,1.1231
2019.06.18,1.1191,1.1219,1.1243,1.118,65200,-0.23,1.1363,1.1232
2019.06.17,1.1217,1.1216,1.1248,1.1204,55650,0.09,1.1365,1.1236
2019.06.14,1.1207,1.1283,1.1291,1.1201,69780,-0.6,1.1367,1.1238
2019.06.13,1.1275,1.1287,1.1305,1.1267,82340,-0.11,1.1368,1.1241
2019.06.12,1.1287,1.1326,1.1344,1.1281,85750,-0.37,1.1369,1.1238
2019.06.11,1.1329,1.1312,1.1338,1.1301,80880,0.15,1.137,1.1232
2019.06.10,1.1312,1.1324,1.1331,1.1289,69460,-0.17,1.1371,1.1222
2019.06.07,1.1331,1.1276,1.1349,1.125,75230,0.51,1.1371,1.1213
2019.06.06,1.1274,1.1229,1.1309,1.1214,93760,0.49,1.1371,1.12
2019.06.05,1.1219,1.1251,1.1307,1.1219,93140,-0.28,1.1372,1.1192
2019.06.04,1.1251,1.1241,1.1279,1.1226,90460,0.1,1.1374,1.119
2019.06.03,1.124,1.1168,1.1264,1.1156,90570,0.65,1.1375,1.1183
2019.05.31,1.1167,1.1135,1.118,1.1125,123500,0.33,1.1377,1.1177
2019.05.30,1.113,1.1132,1.1145,1.1115,99860,0.01,1.1379,1.1178
2019.05.29,1.1129,1.1161,1.1174,1.1123,114390,-0.28,1.1381,1.1183
2019.05.28,1.116,1.1199,1.1204,1.1158,104180,-0.32,1.1384,1.1189
2019.05.27,1.1196,1.1196,1.1216,1.1185,76740,-0.05,1.1386,1.1192
2019.05.24,1.1202,1.1182,1.1214,1.1174,90140,0.2,1.1388,1.1192
2019.05.23,1.118,1.1151,1.1189,1.1107,102900,0.25,1.139,1.1191
2019.05.22,1.1152,1.1167,1.1181,1.1147,90510,-0.05,1.1392,1.1192
2019.05.21,1.1158,1.1171,1.1188,1.1141,95760,-0.11,1.1394,1.1196
2019.05.20,1.117,1.1158,1.1177,1.1149,80100,0.13,1.1397,1.12
2019.05.17,1.1156,1.1174,1.1185,1.1154,99450,-0.14,1.1399,1.1203
2019.05.16,1.1172,1.1202,1.1227,1.1165,100260,-0.25,1.1401,1.1208
2019.05.15,1.12,1.1204,1.1226,1.1177,108970,-0.03,1.1404,1.1212
2019.05.14,1.1203,1.1224,1.1247,1.12,97880,-0.18,1.1406,1.1213
2019.05.13,1.1223,1.1242,1.1266,1.1221,92550,-0.09,1.1408,1.1214
2019.05.10,1.1233,1.1215,1.1255,1.1214,125720,0.12,1.141,1.1213
2019.05.09,1.122,1.1192,1.1253,1.1172,129039,0.26,1.1411,1.1211
2019.05.08,1.1191,1.1191,1.1215,1.1182,127310,0.01,1.1413,1.121
2019.05.07,1.119,1.1199,1.1222,1.1165,132420,-0.06,1.1416,1.1212
2019.05.06,1.1197,1.1172,1.1211,1.1159,105100,-0.03,1.1418,1.1215
2019.05.03,1.12,1.1178,1.1207,1.1135,103470,0.21,1.142,1.1217
2019.05.02,1.1176,1.1202,1.1221,1.117,102830,-0.16,1.1422,1.1218
2019.05.01,1.1194,1.1215,1.1266,1.1187,79660,-0.19,1.1425,1.1223
2019.04.30,1.1215,1.1186,1.1231,1.1175,102970,0.27,1.1427,1.1226
2019.04.29,1.1185,1.1152,1.1192,1.1141,82350,0.33,1.1429,1.1227
2019.04.26,1.1148,1.1131,1.1176,1.1111,114900,0.16,1.1432,1.1232
2019.04.25,1.113,1.1161,1.1164,1.1118,124490,-0.2,1.1435,1.124
2019.04.24,1.1152,1.1229,1.1233,1.114,141630,-0.65,1.1438,1.1252
2019.04.23,1.1225,1.1257,1.1264,1.1192,125190,-0.27,1.144,1.1263
2019.04.22,1.1255,1.1244,1.1264,1.1236,72390,0.08,1.1443,1.1266
2019.04.19,1.1246,1.1241,1.1254,1.1228,89840,0.15,1.1444,1.1268
2019.04.18,1.1229,1.1297,1.1307,1.1226,125600,-0.58,1.1446,1.127
2019.04.17,1.1294,1.1281,1.1326,1.1279,128150,0.12,1.1449,1.1274
2019.04.16,1.128,1.1303,1.1315,1.1279,115860,-0.24,1.145,1.1272
2019.04.15,1.1307,1.13,1.1322,1.1294,93510,0.06,1.1452,1.1271
2019.04.12,1.13,1.1254,1.1327,1.1252,128280,0.44,1.1453,1.1268
2019.04.11,1.125,1.1273,1.1291,1.1249,124360,-0.2,1.1455,1.1264
2019.04.10,1.1273,1.1264,1.1288,1.1229,123960,0.11,1.1457,1.1266
2019.04.09,1.1261,1.1272,1.1286,1.1253,132960,0.02,1.1459,1.1265
2019.04.08,1.1259,1.1218,1.1277,1.1213,101260,0.4,1.1461,1.1265
2019.04.05,1.1214,1.1223,1.1247,1.1209,132170,-0.05,1.1463,1.1266
2019.04.04,1.122,1.1235,1.125,1.1205,135430,-0.12,1.1465,1.1271
2019.04.03,1.1234,1.1205,1.1256,1.12,140490,0.29,1.1468,1.1277
2019.04.02,1.1202,1.1216,1.1219,1.1183,144840,-0.09,1.147,1.1281
2019.04.01,1.1212,1.1218,1.125,1.1202,115770,-0.04,1.1473,1.129
2019.03.29,1.1217,1.1221,1.1249,1.1208,145740,-0.03,1.1475,1.1298
2019.03.28,1.122,1.1244,1.1264,1.1213,151790,-0.24,1.1478,1.1307
2019.03.27,1.1247,1.1269,1.1287,1.1242,159400,-0.15,1.1481,1.1316
2019.03.26,1.1264,1.1313,1.1329,1.1262,143110,-0.42,1.1483,1.1323
2019.03.25,1.1311,1.1294,1.1333,1.1284,114780,-0.02,1.1485,1.1329
2019.03.22,1.1313,1.1375,1.1394,1.1272,161240,-0.53,1.1487,1.1331
2019.03.21,1.1373,1.1414,1.1439,1.1342,149660,-0.33,1.1489,1.1333
2019.03.20,1.1411,1.1351,1.145,1.1335,140480,0.55,1.149,1.1329
2019.03.19,1.1349,1.1337,1.1364,1.1332,131550,0.11,1.1491,1.132
2019.03.18,1.1336,1.1323,1.136,1.1317,95070,0.1,1.1492,1.1317
2019.03.15,1.1325,1.1305,1.1346,1.1296,145780,0.2,1.1494,1.1315
2019.03.14,1.1302,1.1329,1.1342,1.1293,169180,-0.2,1.1495,1.1314
2019.03.13,1.1325,1.1287,1.1341,1.1277,160620,0.35,1.1497,1.1315
2019.03.12,1.1286,1.125,1.1308,1.1243,165860,0.35,1.1499,1.1314
2019.03.11,1.1247,1.1238,1.1259,1.1221,125990,0.06,1.1501,1.1317
2019.03.08,1.124,1.1194,1.1248,1.1185,136430,0.41,1.1504,1.1324
2019.03.07,1.1194,1.1306,1.1322,1.1176,137530,-1,1.1506,1.1333
2019.03.06,1.1307,1.1313,1.1328,1.1286,138900,-0.01,1.151,1.1348
2019.03.05,1.1308,1.1339,1.1353,1.129,140880,-0.28,1.1512,1.1352
2019.03.04,1.134,1.138,1.1398,1.1309,110260,-0.33,1.1514,1.1357
2019.03.01,1.1377,1.1372,1.141,1.1353,156730,0.05,1.1515,1.1358
2019.02.28,1.1371,1.1371,1.1421,1.1357,160780,0.02,1.1517,1.1356
2019.02.27,1.1369,1.1396,1.1404,1.136,151860,-0.16,1.1518,1.1355
2019.02.26,1.1387,1.1366,1.1404,1.1343,142080,0.25,1.152,1.1353
2019.02.25,1.1359,1.1338,1.1369,1.1323,130220,0.14,1.1521,1.135
2019.02.22,1.1343,1.1337,1.136,1.1315,153240,0.06,1.1523,1.1349
2019.02.21,1.1336,1.1338,1.1368,1.132,162580,-0.01,1.1524,1.135
2019.02.20,1.1337,1.1342,1.1374,1.1324,147530,-0.04,1.1526,1.1351
2019.02.19,1.1341,1.131,1.1358,1.1274,135020,0.27,1.1528,1.1352
2019.02.18,1.1311,1.1288,1.1337,1.1284,103750,0.14,1.153,1.1354
2019.02.15,1.1295,1.1295,1.1313,1.1233,152820,-0.05,1.1532,1.1358
2019.02.14,1.1301,1.1262,1.1313,1.1247,153820,0.3,1.1535,1.1365
2019.02.13,1.1267,1.1326,1.1346,1.126,153980,-0.51,1.1537,1.1371
2019.02.12,1.1325,1.128,1.1342,1.1256,144050,0.43,1.154,1.1382
2019.02.11,1.1276,1.1328,1.1331,1.1264,118570,-0.48,1.1542,1.1389
2019.02.08,1.133,1.1346,1.1355,1.132,154670,-0.1,1.1545,1.14
2019.02.07,1.1341,1.136,1.1375,1.1322,158350,-0.18,1.1547,1.1408
2019.02.06,1.1362,1.1406,1.142,1.1359,173890,-0.46,1.1549,1.1415
2019.02.05,1.1415,1.1442,1.1456,1.14,171170,-0.2,1.1551,1.142
2019.02.04,1.1438,1.1457,1.1467,1.1421,121200,-0.16,1.1552,1.1421
2019.02.01,1.1456,1.1447,1.149,1.1433,167340,0.09,1.1553,1.1419
2019.01.31,1.1446,1.148,1.1517,1.1434,174900,-0.29,1.1554,1.1415
2019.01.30,1.1479,1.1433,1.1503,1.1404,179840,0.41,1.1555,1.1412
2019.01.29,1.1432,1.1428,1.1453,1.141,178210,-0.02,1.1556,1.1405
2019.01.28,1.1434,1.1404,1.1445,1.1388,160920,0.17,1.1557,1.1402
2019.01.25,1.1415,1.1306,1.1421,1.1298,169550,0.96,1.1559,1.1399
2019.01.24,1.1306,1.138,1.1398,1.1287,155750,-0.66,1.156,1.1397
2019.01.23,1.1381,1.1358,1.1397,1.1348,139450,0.19,1.1563,1.1407
2019.01.22,1.1359,1.1365,1.1386,1.1334,154960,-0.06,1.1564,1.1409
2019.01.21,1.1366,1.1371,1.1409,1.1355,132260,0.03,1.1566,1.1415
2019.01.18,1.1363,1.1389,1.1413,1.1352,157650,-0.31,1.1568,1.142
2019.01.17,1.1398,1.1396,1.141,1.1369,178910,-0.02,1.1571,1.1426
2019.01.16,1.14,1.1414,1.1429,1.1377,177100,-0.15,1.1572,1.1429
2019.01.15,1.1417,1.1473,1.1494,1.1381,185600,-0.52,1.1574,1.1432
2019.01.14,1.1477,1.1471,1.1485,1.144,119240,0.07,1.1576,1.1433
2019.01.11,1.1469,1.1499,1.1542,1.1457,155950,-0.27,1.1577,1.1429
2019.01.10,1.15,1.1542,1.1572,1.1485,0,-0.37,1.1578,1.1424
2019.01.09,1.1543,1.1444,1.1556,1.1435,0,0.88,1.1578,1.1417
2019.01.08,1.1442,1.1476,1.1487,1.1422,6640,-0.3,1.1579,1.1403
2019.01.07,1.1476,1.1392,1.1485,1.1392,5200,0.71,1.158,1.1399
2019.01.04,1.1395,1.1393,1.1422,1.1345,144770,0.01,1.1581,1.1391
2019.01.03,1.1394,1.1345,1.1413,1.1309,9250,0.45,1.1583,1.1391
2019.01.02,1.1343,1.1464,1.1499,1.1325,9010,-1.06,1.1585,1.139
2019.01.01,1.1464,1.1466,1.1481,1.1425,3380,-0.05,1.1587,1.1395
2018.12.31,1.147,1.1443,1.147,1.1421,0,0.28,1.1589,1.1388
2018.12.28,1.1438,1.1429,1.1478,1.1424,0,0.07,1.159,1.1379
2018.12.27,1.143,1.1353,1.1457,1.1349,0,0.68,1.1591,1.1373
2018.12.26,1.1353,1.1363,1.1423,1.1342,0,-0.08,1.1593,1.1367
2018.12.25,1.1362,1.14,1.1429,1.1361,0,-0.33,1.1595,1.1369
2018.12.24,1.14,1.137,1.1439,1.135,0,0.27,1.1598,1.1369
2018.12.21,1.1369,1.1447,1.1477,1.1353,0,-0.67,1.16,1.1366
2018.12.20,1.1446,1.1377,1.1487,1.1371,0,0.61,1.1602,1.1366
2018.12.19,1.1377,1.1361,1.1442,1.136,0,0.14,1.1604,1.1358
2018.12.18,1.1361,1.1346,1.1402,1.1336,0,0.12,1.1606,1.1356
2018.12.17,1.1347,1.1308,1.136,1.1299,0,0.34,1.1608,1.1355
2018.12.14,1.1309,1.1362,1.1374,1.1268,0,-0.48,1.1611,1.1356
2018.12.13,1.1363,1.1369,1.1396,1.133,0,-0.04,1.1614,1.1361
2018.12.12,1.1368,1.1317,1.1388,1.1312,0,0.46,1.1617,1.136
2018.12.11,1.1316,1.1361,1.1402,1.1304,0,-0.35,1.1619,1.136
2018.12.10,1.1356,1.1401,1.1444,1.1349,0,-0.19,1.1622,1.1364
2018.12.07,1.1378,1.1377,1.1425,1.1359,0,0.02,1.1625,1.1365
2018.12.06,1.1376,1.1345,1.1414,1.1321,0,0.28,1.1627,1.1364
2018.12.05,1.1344,1.1342,1.1361,1.1309,0,-0.01,1.163,1.1362
2018.12.04,1.1345,1.1354,1.1421,1.1318,0,-0.08,1.1633,1.1364
2018.12.03,1.1354,1.1315,1.1382,1.1315,0,0.33,1.1636,1.1366
2018.11.30,1.1317,1.1395,1.1402,1.1304,0,-0.67,1.1638,1.1368
2018.11.29,1.1393,1.1367,1.1403,1.1348,0,0.24,1.1642,1.1373
2018.11.28,1.1366,1.1291,1.1387,1.1264,0,0.69,1.1644,1.1371
2018.11.27,1.1288,1.1326,1.1344,1.1276,0,-0.35,1.1647,1.1372
2018.11.26,1.1328,1.1343,1.1385,1.1323,0,-0.11,1.1651,1.138
2018.11.23,1.1341,1.1403,1.1422,1.1325,0,-0.59,1.1654,1.1386
2018.11.22,1.1408,1.1382,1.1434,1.1378,0,0.2,1.1657,1.1391
2018.11.21,1.1385,1.1371,1.1426,1.1363,0,0.12,1.1659,1.1389
2018.11.20,1.1371,1.1453,1.1473,1.1357,0,-0.72,1.1662,1.1389
2018.11.19,1.1453,1.1403,1.1467,1.1393,0,0.29,1.1665,1.1391
2018.11.16,1.142,1.133,1.1423,1.132,0,0.81,1.1667,1.1384
2018.11.15,1.1328,1.1309,1.1364,1.1271,0,0.16,1.167,1.1381
2018.11.14,1.131,1.129,1.1349,1.1262,0,0.17,1.1673,1.1386
2018.11.13,1.1291,1.1219,1.1296,1.1216,0,0.65,1.1677,1.1394
2018.11.12,1.1218,1.1331,1.1333,1.1214,0,-1.04,1.1681,1.1405
2018.11.09,1.1336,1.1364,1.1371,1.1315,0,-0.24,1.1685,1.1425
2018.11.08,1.1363,1.1425,1.1448,1.1352,0,-0.55,1.1689,1.1434
2018.11.07,1.1426,1.1427,1.1502,1.1395,0,-0.01,1.1692,1.1442
2018.11.06,1.1427,1.1406,1.144,1.1389,0,0.18,1.1695,1.1443
2018.11.05,1.1407,1.1391,1.1425,1.1356,0,0.18,1.1697,1.1445
2018.11.02,1.1387,1.1408,1.1458,1.1372,0,-0.19,1.17,1.1449
2018.11.01,1.1409,1.1311,1.1426,1.1306,0,0.86,1.1704,1.1456
2018.10.31,1.1312,1.1345,1.1363,1.1301,0,-0.28,1.1707,1.146
2018.10.30,1.1344,1.1372,1.1387,1.1338,0,-0.25,1.171,1.1476
2018.10.29,1.1373,1.1408,1.1418,1.1361,0,-0.26,1.1714,1.149
2018.10.26,1.1403,1.1376,1.1422,1.1334,0,0.24,1.1718,1.1502
2018.10.25,1.1376,1.1392,1.1434,1.1355,0,-0.14,1.1721,1.1513
2018.10.24,1.1392,1.147,1.1477,1.1378,0,-0.69,1.1724,1.1527
2018.10.23,1.1471,1.1466,1.1495,1.1438,0,0.05,1.1728,1.1541
2018.10.22,1.1465,1.1507,1.1552,1.1455,0,-0.43,1.173,1.1549
2018.10.19,1.1515,1.1451,1.1536,1.1433,0,0.54,1.1733,1.1558
2018.10.18,1.1453,1.15,1.1528,1.1448,0,-0.42,1.1735,1.1562
2018.10.17,1.1501,1.1575,1.1585,1.1495,0,-0.64,1.1738,1.1574
2018.10.16,1.1575,1.158,1.1623,1.1564,0,-0.03,1.174,1.1581
2018.10.15,1.1579,1.1559,1.1608,1.1537,0,0.14,1.1742,1.1582
2018.10.12,1.1563,1.1592,1.1611,1.1534,0,-0.27,1.1743,1.1582
2018.10.11,1.1594,1.1519,1.16,1.1517,0,0.64,1.1745,1.1584
2018.10.10,1.152,1.1491,1.1547,1.1479,0,0.26,1.1747,1.1583
2018.10.09,1.149,1.1491,1.1504,1.143,0,-0.02,1.1749,1.159
2018.10.08,1.1492,1.152,1.1536,1.1459,0,-0.28,1.1752,1.16
2018.10.05,1.1524,1.1513,1.155,1.1483,0,0.08,1.1754,1.1612
2018.10.04,1.1515,1.1478,1.1543,1.1464,0,0.32,1.1757,1.1621
2018.10.03,1.1478,1.1548,1.1595,1.1465,0,-0.61,1.1759,1.1632
2018.10.02,1.1548,1.1578,1.1582,1.1506,0,-0.26,1.1762,1.1648
2018.10.01,1.1578,1.1609,1.163,1.1563,0,-0.27,1.1764,1.1659
2018.09.28,1.1609,1.1641,1.1652,1.1567,0,-0.27,1.1766,1.1668
2018.09.27,1.1641,1.174,1.1759,1.1637,0,-0.84,1.1767,1.1674
2018.09.26,1.174,1.1767,1.1799,1.1726,0,-0.27,1.1769,1.1677
2018.09.25,1.1772,1.1748,1.1793,1.173,0,0.2,1.1769,1.1671
2018.09.24,1.1748,1.1751,1.1817,1.1723,0,-0.02,1.1769,1.166
2018.09.21,1.175,1.1776,1.1804,1.1731,0,-0.23,1.1769,1.1651
2018.09.20,1.1777,1.1671,1.1786,1.1665,0,0.89,1.1769,1.164
2018.09.19,1.1673,1.1667,1.1716,1.1648,0,0.05,1.1769,1.1626
2018.09.18,1.1667,1.1684,1.1726,1.1651,0,-0.14,1.177,1.1621
2018.09.17,1.1683,1.1623,1.1699,1.1617,0,0.46,1.1771,1.1616
2018.09.14,1.163,1.169,1.1724,1.1619,0,-0.51,1.1772,1.1609
2018.09.13,1.169,1.1627,1.1703,1.1608,0,0.55,1.1774,1.1607
2018.09.12,1.1626,1.1604,1.1651,1.157,0,0.16,1.1775,1.1598
2018.09.11,1.1607,1.1594,1.1645,1.1565,0,0.11,1.1776,1.1595
2018.09.10,1.1594,1.156,1.1617,1.1526,0,0.35,1.1778,1.1594
2018.09.07,1.1553,1.1624,1.1651,1.155,0,-0.59,1.178,1.1594
2018.09.06,1.1622,1.1629,1.166,1.1603,0,-0.06,1.1782,1.1598
2018.09.05,1.1629,1.1581,1.164,1.1542,0,0.41,1.1783,1.1596
2018.09.04,1.1582,1.1623,1.1629,1.1528,0,-0.36,1.1785,1.1592
2018.09.03,1.1624,1.1596,1.1629,1.1583,0,0.2,1.1787,1.1593
2018.08.31,1.1601,1.1671,1.1692,1.1585,0,-0.6,1.1789,1.159
2018.08.30,1.1671,1.1707,1.172,1.1641,0,-0.32,1.1791,1.1589
2018.08.29,1.1708,1.1695,1.1712,1.1652,0,0.11,1.1792,1.158
2018.08.28,1.1695,1.1678,1.1735,1.1662,0,0.15,1.1793,1.1566
2018.08.27,1.1678,1.1631,1.1694,1.1592,0,0.47,1.1794,1.1553
2018.08.24,1.1623,1.154,1.1641,1.1533,0,0.73,1.1795,1.154
2018.08.23,1.1539,1.1596,1.1601,1.153,0,-0.5,1.1796,1.1531
2018.08.22,1.1597,1.157,1.1624,1.1551,0,0.22,1.1799,1.153
2018.08.21,1.1571,1.1482,1.1602,1.1479,0,0.78,1.1801,1.1523
2018.08.20,1.1481,1.1442,1.1486,1.1394,0,0.37,1.1803,1.1518
2018.08.17,1.1439,1.1377,1.1447,1.1365,0,0.54,1.1807,1.1522
2018.08.16,1.1377,1.1345,1.1411,1.1335,0,0.28,1.181,1.1531
2018.08.15,1.1345,1.1344,1.1357,1.1299,0,0.01,1.1815,1.1547
2018.08.14,1.1344,1.141,1.1431,1.133,0,-0.57,1.1819,1.1568
2018.08.13,1.1409,1.1389,1.1434,1.1364,0,-0.02,1.1824,1.1592
2018.08.10,1.1411,1.1526,1.1537,1.1384,0,-1.01,1.1828,1.1611
2018.08.09,1.1527,1.1609,1.162,1.1525,0,-0.72,1.1833,1.1632
2018.08.08,1.1611,1.1598,1.1629,1.1571,0,0.1,1.1836,1.1643
2018.08.07,1.1599,1.1555,1.161,1.1547,0,0.39,1.1838,1.1646
2018.08.06,1.1554,1.1571,1.1574,1.1527,0,-0.11,1.184,1.1651
2018.08.03,1.1567,1.1583,1.1611,1.1559,0,-0.15,1.1843,1.1662
2018.08.02,1.1584,1.166,1.1669,1.1582,0,-0.65,1.1846,1.1672
2018.08.01,1.166,1.1691,1.1701,1.1656,0,-0.27,1.1849,1.1681
2018.07.31,1.1691,1.1706,1.1745,1.1682,0,-0.13,1.185,1.1683
2018.07.30,1.1706,1.166,1.1721,1.1648,0,0.41,1.1852,1.1682
2018.07.27,1.1658,1.1643,1.1665,1.1621,0,0.13,1.1854,1.168
2018.07.26,1.1643,1.1728,1.1744,1.1639,0,-0.72,1.1855,1.1682
2018.07.25,1.1728,1.1684,1.1739,1.1663,0,0.36,1.1858,1.1686
2018.07.24,1.1686,1.1692,1.1719,1.1654,0,-0.05,1.1859,1.1682
2018.07.23,1.1692,1.173,1.1752,1.1682,0,-0.24,1.1861,1.1681
2018.07.20,1.172,1.1644,1.174,1.1626,0,0.66,1.1862,1.168
2018.07.19,1.1643,1.1639,1.168,1.1574,0,0.03,1.1864,1.1676
2018.07.18,1.1639,1.166,1.1665,1.1601,0,-0.19,1.1866,1.168
2018.07.17,1.1661,1.1711,1.1746,1.165,0,-0.42,1.1868,1.1684
2018.07.16,1.171,1.1676,1.1726,1.1674,0,0.21,1.187,1.1686
2018.07.13,1.1685,1.1669,1.1688,1.161,0,0.11,1.1872,1.1684
2018.07.12,1.1672,1.1674,1.1697,1.1648,0,-0.02,1.1874,1.1684
2018.07.11,1.1674,1.1745,1.176,1.1665,0,-0.6,1.1876,1.1685
2018.07.10,1.1744,1.1751,1.1764,1.169,0,-0.06,1.1878,1.1686
2018.07.09,1.1751,1.1748,1.1792,1.1731,0,0.03,1.1879,1.168
2018.07.06,1.1747,1.169,1.1769,1.1679,0,0.48,1.1881,1.1672
2018.07.05,1.1691,1.1655,1.1722,1.1649,0,0.3,1.1882,1.1664
2018.07.04,1.1656,1.1658,1.1684,1.1629,0,-0.01,1.1884,1.1662
2018.07.03,1.1657,1.1641,1.1675,1.1621,0,0.14,1.1886,1.1662
2018.07.02,1.1641,1.1651,1.1699,1.159,0,-0.38,1.1888,1.1663
2018.06.29,1.1685,1.1569,1.1692,1.1558,0,1,1.1891,1.1665
2018.06.28,1.1569,1.1555,1.1602,1.1527,0,0.13,1.1893,1.1663
2018.06.27,1.1554,1.1647,1.1674,1.1541,0,-0.8,1.1896,1.1673
2018.06.26,1.1647,1.1704,1.1722,1.1635,0,-0.49,1.19,1.1685
2018.06.25,1.1704,1.1659,1.1715,1.1627,0,0.4,1.1902,1.1689
2018.06.22,1.1657,1.1604,1.1677,1.16,0,0.47,1.1904,1.1688
2018.06.21,1.1603,1.1572,1.1635,1.1509,0,0.27,1.1907,1.1691
2018.06.20,1.1572,1.159,1.1602,1.1537,0,-0.16,1.191,1.17
2018.06.19,1.159,1.1624,1.1646,1.153,0,-0.28,1.1913,1.1714
2018.06.18,1.1623,1.1609,1.1625,1.1563,0,0.12,1.1916,1.1727
2018.06.15,1.1609,1.1568,1.1629,1.1543,0,0.35,1.1919,1.1738
2018.06.14,1.1569,1.1791,1.1853,1.1562,0,-1.88,1.1922,1.1751
2018.06.13,1.1791,1.1745,1.1803,1.1725,0,0.39,1.1926,1.1771
2018.06.12,1.1745,1.1784,1.1811,1.1733,0,-0.33,1.1927,1.1768
2018.06.11,1.1784,1.1766,1.1822,1.1754,0,0.14,1.1929,1.1771
2018.06.08,1.1768,1.18,1.1812,1.1726,0,-0.26,1.1931,1.177
2018.06.07,1.1799,1.1774,1.1842,1.1772,0,0.22,1.1932,1.177
2018.06.06,1.1773,1.1717,1.1797,1.1708,0,0.47,1.1934,1.1767
2018.06.05,1.1718,1.1698,1.1733,1.1652,0,0.16,1.1935,1.1766
2018.06.04,1.1699,1.1656,1.1744,1.1652,0,0.33,1.1937,1.1771
2018.06.01,1.1661,1.1691,1.1718,1.1617,0,-0.27,1.194,1.1779
2018.05.31,1.1692,1.1665,1.1726,1.1641,0,0.25,1.1943,1.1791
2018.05.30,1.1663,1.154,1.1678,1.1518,0,1.07,1.1945,1.1801
2018.05.29,1.154,1.1625,1.1641,1.1508,0,-0.71,1.1948,1.1816
2018.05.28,1.1623,1.1651,1.1729,1.1605,0,-0.25,1.1952,1.1845
2018.05.25,1.1652,1.172,1.1735,1.1645,0,-0.58,1.1955,1.1868
2018.05.24,1.172,1.1695,1.175,1.1688,0,0.2,1.1958,1.1891
2018.05.23,1.1697,1.1778,1.179,1.1675,0,-0.7,1.1961,1.1909
2018.05.22,1.1779,1.1792,1.183,1.1754,0,-0.1,1.1963,1.1931
2018.05.21,1.1791,1.1764,1.1797,1.1717,0,0.11,1.1965,1.1947
2018.05.18,1.1778,1.1796,1.1825,1.1749,0,-0.14,1.1967,1.1964
2018.05.17,1.1795,1.1808,1.1839,1.1775,0,-0.1,1.1969,1.1983
2018.05.16,1.1807,1.1837,1.1854,1.1762,0,-0.26,1.1971,1.2003
2018.05.15,1.1838,1.1925,1.1939,1.1817,0,-0.75,1.1972,1.2024
2018.05.14,1.1927,1.1947,1.1998,1.1926,0,-0.14,1.1974,1.2044
2018.05.11,1.1944,1.1917,1.197,1.1891,0,0.24,1.1974,1.2056
2018.05.10,1.1915,1.1852,1.1948,1.1843,0,0.55,1.1974,1.2068
2018.05.09,1.185,1.1863,1.1898,1.1822,0,-0.12,1.1975,1.2084
2018.05.08,1.1864,1.1924,1.1941,1.1838,0,-0.49,1.1976,1.2108
2018.05.07,1.1922,1.1953,1.198,1.1898,0,-0.32,1.1977,1.2134
2018.05.04,1.196,1.1989,1.1997,1.1911,0,-0.23,1.1978,1.2156
2018.05.03,1.1988,1.1951,1.2009,1.1946,0,0.31,1.1978,1.2177
2018.05.02,1.1951,1.1992,1.2033,1.1938,0,-0.35,1.1978,1.2197
2018.05.01,1.1993,1.2076,1.2086,1.1981,0,-0.71,1.1978,1.2223
2018.04.30,1.2079,1.2125,1.2141,1.2064,0,-0.42,1.1978,1.2247
2018.04.27,1.213,1.2105,1.2135,1.2055,0,0.22,1.1977,1.2265
2018.04.26,1.2103,1.2161,1.2211,1.2096,0,-0.48,1.1976,1.2279
2018.04.25,1.2161,1.2232,1.224,1.216,0,-0.58,1.1974,1.2297
2018.04.24,1.2232,1.2209,1.2247,1.2182,0,0.19,1.1973,1.2312
2018.04.23,1.2209,1.2289,1.2292,1.2198,0,-0.64,1.197,1.232
2018.04.20,1.2288,1.2346,1.2354,1.225,0,-0.47,1.1968,1.2332
2018.04.19,1.2346,1.2373,1.2402,1.2329,0,-0.22,1.1964,1.2336
2018.04.18,1.2373,1.2369,1.2398,1.2343,0,0.02,1.196,1.2335
2018.04.17,1.237,1.2378,1.2413,1.2335,0,-0.08,1.1956,1.2331
2018.04.16,1.238,1.233,1.2395,1.2325,0,0.4,1.1952,1.2327
2018.04.13,1.2331,1.2327,1.2348,1.2307,0,0.03,1.1948,1.2322
2018.04.12,1.2327,1.2368,1.2382,1.23,0,-0.32,1.1944,1.2321
2018.04.11,1.2367,1.2357,1.2397,1.2347,0,0.09,1.194,1.232
2018.04.10,1.2356,1.232,1.2379,1.2303,0,0.28,1.1936,1.2315
2018.04.09,1.2321,1.2279,1.2331,1.2261,0,0.31,1.1932,1.2311
2018.04.06,1.2283,1.224,1.2292,1.2214,0,0.35,1.1928,1.231
2018.04.05,1.224,1.2278,1.2292,1.2218,0,-0.31,1.1924,1.2313
2018.04.04,1.2278,1.2269,1.2315,1.2256,0,0.07,1.1921,1.232
2018.04.03,1.227,1.2304,1.2336,1.2253,0,-0.26,1.1917,1.2325
2018.04.02,1.2302,1.2323,1.2346,1.2282,0,-0.17,1.1914,1.233
2018.03.30,1.2323,1.2301,1.2331,1.2293,0,0.17,1.191,1.2333
2018.03.29,1.2302,1.2308,1.2335,1.2282,0,-0.05,1.1906,1.2334
2018.03.28,1.2308,1.2403,1.2424,1.23,0,-0.77,1.1902,1.2338
2018.03.27,1.2403,1.2444,1.2478,1.2373,0,-0.32,1.1898,1.2341
2018.03.26,1.2443,1.2348,1.2463,1.2341,0,0.73,1.1893,1.2335
2018.03.23,1.2353,1.2302,1.2375,1.2301,0,0.41,1.1887,1.2323
2018.03.22,1.2302,1.2337,1.2389,1.2285,0,-0.29,1.1882,1.232
2018.03.21,1.2338,1.2242,1.2351,1.2241,0,0.78,1.1878,1.2322
2018.03.20,1.2242,1.2335,1.2356,1.2239,0,-0.75,1.1874,1.232
2018.03.19,1.2335,1.2284,1.2361,1.2258,0,0.37,1.187,1.2328
2018.03.16,1.2289,1.2305,1.2338,1.2261,0,-0.13,1.1865,1.2328
2018.03.15,1.2305,1.2366,1.2385,1.2299,0,-0.5,1.1861,1.2332
2018.03.14,1.2367,1.239,1.2414,1.2347,0,-0.19,1.1857,1.2335
2018.03.13,1.239,1.2334,1.2408,1.2314,0,0.45,1.1851,1.2331
2018.03.12,1.2334,1.2311,1.2347,1.2291,0,0.22,1.1846,1.2325
2018.03.09,1.2307,1.2312,1.2336,1.2273,0,-0.04,1.1841,1.2324
2018.03.08,1.2312,1.2411,1.2448,1.2298,0,-0.81,1.1836,1.2326
2018.03.07,1.2413,1.2404,1.2445,1.2385,0,0.07,1.1832,1.2327
2018.03.06,1.2404,1.2336,1.2422,1.2328,0,0.55,1.1826,1.2318
2018.03.05,1.2336,1.2323,1.2366,1.2268,0,0.15,1.182,1.2309
2018.03.02,1.2317,1.2266,1.2336,1.225,0,0.4,1.1815,1.2306
2018.03.01,1.2268,1.2193,1.2272,1.2153,0,0.61,1.181,1.2305
2018.02.28,1.2194,1.2232,1.2243,1.2188,0,-0.31,1.1805,1.2309
2018.02.27,1.2232,1.2317,1.2348,1.2221,0,-0.7,1.1801,1.2321
2018.02.26,1.2318,1.2299,1.2356,1.2278,0,0.2,1.1797,1.2331
2018.02.23,1.2293,1.2329,1.2337,1.2279,0,-0.31,1.1792,1.2332
2018.02.22,1.2331,1.2283,1.2354,1.226,0,0.38,1.1787,1.2336
2018.02.21,1.2284,1.2338,1.2361,1.2281,0,-0.44,1.1781,1.2336
2018.02.20,1.2338,1.2409,1.2414,1.232,0,-0.56,1.1776,1.2342
2018.02.19,1.2408,1.2409,1.2435,1.2368,0,0.02,1.177,1.2342
2018.02.16,1.2406,1.2506,1.2557,1.2394,0,-0.8,1.1764,1.2336
2018.02.15,1.2506,1.2449,1.2511,1.2447,0,0.45,1.1758,1.2328
2018.02.14,1.245,1.2352,1.2467,1.2276,0,0.79,1.175,1.2309
2018.02.13,1.2352,1.2293,1.2373,1.2285,0,0.49,1.1743,1.2295
2018.02.12,1.2292,1.2253,1.2298,1.2234,0,0.47,1.1737,1.2289
2018.02.09,1.2235,1.2245,1.2289,1.2206,0,-0.1,1.1731,1.2288
2018.02.08,1.2247,1.2264,1.2297,1.2212,0,-0.14,1.1726,1.2294
2018.02.07,1.2264,1.2378,1.2407,1.2247,0,-0.91,1.1721,1.2299
2018.02.06,1.2377,1.2367,1.2434,1.2314,0,0.07,1.1716,1.2302
2018.02.05,1.2368,1.2455,1.2475,1.2362,0,-0.75,1.1709,1.2294
2018.02.02,1.2462,1.2508,1.2519,1.2409,0,-0.38,1.1702,1.2287
2018.02.01,1.251,1.2414,1.2524,1.2386,0,0.72,1.1695,1.2268
2018.01.31,1.2421,1.2401,1.2476,1.2386,0,0.15,1.1686,1.2243
2018.01.30,1.2402,1.2383,1.2455,1.2335,0,0.15,1.1679,1.2224
2018.01.29,1.2383,1.2427,1.2436,1.2336,0,-0.31,1.1672,1.2205
2018.01.26,1.2421,1.2395,1.2495,1.2371,0,0.2,1.1665,1.2187
2018.01.25,1.2396,1.2408,1.2537,1.2364,0,-0.1,1.1657,1.2162
2018.01.24,1.2408,1.2299,1.2417,1.2293,0,0.89,1.165,1.2137
2018.01.23,1.2299,1.2263,1.2308,1.2223,0,0.3,1.1642,1.2109
2018.01.22,1.2262,1.2268,1.2276,1.2214,0,0.33,1.1635,1.2089
2018.01.19,1.2222,1.2236,1.2296,1.2219,0,-0.14,1.1629,1.207
2018.01.18,1.2239,1.2186,1.2267,1.2165,0,0.43,1.1623,1.2055
2018.01.17,1.2186,1.226,1.2324,1.2176,0,-0.61,1.1617,1.2035
2018.01.16,1.2261,1.2265,1.2284,1.2194,0,-0.02,1.1611,1.2019
2018.01.15,1.2263,1.2198,1.2298,1.2188,0,0.62,1.1605,1.1994
2018.01.12,1.2187,1.2033,1.219,1.2031,0,1.29,1.1598,1.1965
2018.01.11,1.2032,1.1946,1.206,1.1928,0,0.71,1.1592,1.1942
2018.01.10,1.1947,1.1938,1.2019,1.1923,0,0.08,1.1588,1.1933
2018.01.09,1.1937,1.1967,1.1977,1.1916,0,-0.25,1.1584,1.1931
2018.01.08,1.1967,1.2029,1.2054,1.1956,0,-0.52,1.1581,1.1931
2018.01.05,1.203,1.2068,1.2085,1.2021,0,-0.31,1.1577,1.1927
2018.01.04,1.2068,1.2015,1.209,1.2004,0,0.45,1.1572,1.1916
2018.01.03,1.2014,1.2058,1.207,1.2001,0,-0.37,1.1567,1.19
2018.01.02,1.2059,1.2013,1.2084,1.2003,0,0.41,1.1563,1.1888
2018.01.01,1.201,1.2003,1.2014,1.1995,0,0.1,1.1558,1.187
2017.12.29,1.1998,1.1943,1.203,1.1937,0,0.46,1.1553,1.1855
2017.12.28,1.1943,1.1888,1.1961,1.1888,0,0.46,1.1549,1.184
2017.12.27,1.1888,1.1859,1.1912,1.1855,0,0.24,1.1545,1.1829
2017.12.26,1.1859,1.1867,1.1879,1.1845,0,-0.08,1.1541,1.1823
2017.12.25,1.1869,1.185,1.1882,1.1842,0,0.08,1.1538,1.1819
2017.12.22,1.1859,1.1874,1.1878,1.1817,0,-0.12,1.1535,1.1814
2017.12.21,1.1873,1.1871,1.1889,1.1848,0,0.02,1.1531,1.1809
2017.12.20,1.1871,1.184,1.1903,1.1829,0,0.26,1.1528,1.1803
2017.12.19,1.184,1.1782,1.1851,1.1777,0,0.49,1.1525,1.1795
2017.12.18,1.1782,1.1753,1.1834,1.1737,0,0.24,1.1521,1.1791
2017.12.15,1.1754,1.1778,1.1814,1.1751,0,-0.2,1.1519,1.1792
2017.12.14,1.1778,1.1826,1.1863,1.177,0,-0.41,1.1516,1.1795
2017.12.13,1.1826,1.1743,1.1832,1.1729,0,0.72,1.1514,1.1797
2017.12.12,1.1742,1.177,1.1794,1.1718,0,-0.22,1.1511,1.1794
2017.12.11,1.1768,1.1768,1.1812,1.1761,0,0.03,1.1508,1.18
2017.12.08,1.1764,1.1772,1.1778,1.1729,0,-0.08,1.1506,1.1803
2017.12.07,1.1773,1.1796,1.1816,1.1772,0,-0.19,1.1503,1.1807
2017.12.06,1.1796,1.1825,1.1849,1.178,0,-0.25,1.15,1.1811
2017.12.05,1.1826,1.1866,1.1879,1.1801,0,-0.34,1.1497,1.1812
2017.12.04,1.1866,1.1882,1.189,1.183,0,-0.21,1.1494,1.1811
2017.12.01,1.1891,1.1904,1.1942,1.1851,0,-0.11,1.149,1.1805
2017.11.30,1.1904,1.1847,1.1933,1.1809,0,0.47,1.1486,1.1796
2017.11.29,1.1848,1.1841,1.1883,1.1816,0,0.06,1.1482,1.1785
2017.11.28,1.1841,1.1898,1.1921,1.1827,0,-0.48,1.1479,1.1778
2017.11.27,1.1898,1.1933,1.1962,1.1896,0,-0.27,1.1475,1.1772
2017.11.24,1.193,1.185,1.1944,1.1835,0,0.66,1.1471,1.1758
2017.11.23,1.1852,1.1822,1.1856,1.1812,0,0.25,1.1466,1.174
2017.11.22,1.1822,1.1738,1.1829,1.1733,0,0.72,1.1462,1.1728
2017.11.21,1.1738,1.1732,1.1759,1.1713,0,0.05,1.1459,1.1719
2017.11.20,1.1732,1.1789,1.1808,1.1721,0,-0.53,1.1456,1.1717
2017.11.17,1.1795,1.1771,1.1823,1.1766,0,0.21,1.1453,1.1715
2017.11.16,1.177,1.1792,1.1802,1.1756,0,-0.19,1.1449,1.1706
2017.11.15,1.1792,1.1797,1.1861,1.1784,0,-0.05,1.1446,1.17
2017.11.14,1.1798,1.1667,1.1807,1.166,0,1.12,1.1443,1.169
2017.11.13,1.1667,1.1666,1.1677,1.1638,0,0.02,1.1439,1.1679
2017.11.10,1.1665,1.1642,1.168,1.1623,0,0.2,1.1437,1.168
2017.11.09,1.1642,1.1596,1.1657,1.1586,0,0.41,1.1435,1.1681
2017.11.08,1.1595,1.1587,1.1612,1.1578,0,0.07,1.1433,1.1686
2017.11.07,1.1587,1.161,1.1618,1.1553,0,-0.2,1.1431,1.1695
2017.11.06,1.161,1.1609,1.1625,1.1579,0,0.01,1.1429,1.1707
2017.11.03,1.1609,1.166,1.1692,1.1599,0,-0.42,1.1428,1.1717
2017.11.02,1.1658,1.1619,1.1689,1.1613,0,0.34,1.1426,1.1728
2017.11.01,1.1619,1.1646,1.1659,1.1607,0,-0.23,1.1423,1.1735
2017.10.31,1.1646,1.1651,1.1663,1.1625,0,-0.04,1.1421,1.1748
2017.10.30,1.1651,1.1603,1.166,1.1594,0,0.35,1.1419,1.1758
2017.10.27,1.161,1.165,1.1659,1.1575,0,-0.34,1.1417,1.177
2017.10.26,1.165,1.1812,1.1837,1.1639,0,-1.38,1.1415,1.1786
2017.10.25,1.1813,1.176,1.1819,1.1752,0,0.44,1.1413,1.1801
2017.10.24,1.1761,1.1749,1.1794,1.1743,0,0.1,1.1408,1.18
2017.10.23,1.1749,1.1773,1.1779,1.1725,0,-0.31,1.1405,1.1804
2017.10.20,1.1785,1.1853,1.1859,1.1763,0,-0.57,1.1401,1.1809
2017.10.19,1.1852,1.1788,1.186,1.1768,0,0.55,1.1398,1.1812
2017.10.18,1.1787,1.1764,1.1806,1.173,0,0.18,1.1393,1.1808
2017.10.17,1.1766,1.1797,1.1801,1.1734,0,-0.26,1.1389,1.181
2017.10.16,1.1797,1.1825,1.1827,1.178,0,-0.22,1.1385,1.1815
2017.10.13,1.1823,1.1829,1.1875,1.1804,0,-0.07,1.1381,1.1816
2017.10.12,1.1831,1.1862,1.1881,1.1827,0,-0.24,1.1377,1.1816
2017.10.11,1.1859,1.1808,1.1871,1.1795,0,0.45,1.1372,1.1814
2017.10.10,1.1806,1.1738,1.1825,1.1738,0,0.56,1.1367,1.1809
2017.10.09,1.174,1.1728,1.1757,1.1717,0,0.05,1.1363,1.181
2017.10.06,1.1734,1.171,1.1739,1.1668,0,0.2,1.1359,1.1817
2017.10.05,1.1711,1.1758,1.178,1.1698,0,-0.41,1.1355,1.1826
2017.10.04,1.1759,1.1742,1.1789,1.1734,0,0.13,1.1352,1.1838
2017.10.03,1.1744,1.1733,1.1775,1.1696,0,0.1,1.1348,1.1846
2017.10.02,1.1732,1.1818,1.1818,1.173,0,-0.69,1.1344,1.1857
2017.09.29,1.1814,1.1787,1.1834,1.1773,0,0.24,1.134,1.187
2017.09.28,1.1786,1.1746,1.1805,1.1721,0,0.36,1.1335,1.1876
2017.09.27,1.1744,1.1793,1.1797,1.1717,0,-0.42,1.133,1.1885
2017.09.26,1.1793,1.1848,1.1863,1.1758,0,-0.46,1.1326,1.19
2017.09.25,1.1848,1.1953,1.1962,1.1833,0,-0.89,1.1322,1.1912
2017.09.22,1.1954,1.1942,1.2006,1.1937,0,0.11,1.1316,1.1918
2017.09.21,1.1941,1.1894,1.1955,1.1866,0,0.4,1.131,1.1915
2017.09.20,1.1893,1.1994,1.2033,1.1862,0,-0.84,1.1304,1.1912
2017.09.19,1.1994,1.1955,1.2008,1.195,0,0.33,1.1298,1.1914
2017.09.18,1.1954,1.1949,1.1971,1.1915,0,0.09,1.1291,1.1905
2017.09.15,1.1943,1.1919,1.1988,1.1901,0,0.2,1.1284,1.19
2017.09.14,1.1919,1.1884,1.1922,1.1837,0,0.28,1.1277,1.1896
2017.09.13,1.1886,1.1968,1.1996,1.1873,0,-0.68,1.1271,1.1893
2017.09.12,1.1967,1.1953,1.198,1.1926,0,0.12,1.1265,1.1894
2017.09.11,1.1953,1.2041,1.2041,1.1948,0,-0.68,1.1258,1.1886
2017.09.08,1.2035,1.2024,1.2094,1.2016,0,0.1,1.1251,1.1879
2017.09.07,1.2023,1.1917,1.2061,1.1914,0,0.89,1.1243,1.1863
2017.09.06,1.1917,1.1914,1.1951,1.1903,0,0.03,1.1235,1.1846
2017.09.05,1.1914,1.1896,1.1941,1.1868,0,0.15,1.1228,1.1838
2017.09.04,1.1896,1.1858,1.1923,1.1853,0,0.31,1.1221,1.183
2017.09.01,1.1859,1.1911,1.1981,1.185,0,-0.43,1.1214,1.1823
2017.08.31,1.191,1.1884,1.1914,1.1823,0,0.23,1.1208,1.182
2017.08.30,1.1883,1.1974,1.1986,1.1881,0,-0.74,1.1201,1.181
2017.08.29,1.1972,1.1978,1.2069,1.1944,0,-0.06,1.1194,1.1803
2017.08.28,1.1979,1.1926,1.1985,1.1917,0,0.44,1.1186,1.1785
2017.08.25,1.1926,1.1799,1.1942,1.1773,0,1.08,1.1178,1.1764
2017.08.24,1.1799,1.1807,1.1821,1.1784,0,-0.08,1.1171,1.1747
2017.08.23,1.1808,1.1763,1.1825,1.174,0,0.39,1.1164,1.1742
2017.08.22,1.1762,1.1815,1.1826,1.1745,0,-0.46,1.1158,1.1735
2017.08.21,1.1816,1.175,1.183,1.1731,0,0.46,1.1152,1.1732
2017.08.18,1.1762,1.1723,1.1775,1.1707,0,0.32,1.1145,1.1723
2017.08.17,1.1724,1.1767,1.179,1.1662,0,-0.39,1.1139,1.1719
2017.08.16,1.177,1.1734,1.178,1.1682,0,0.3,1.1133,1.1719
2017.08.15,1.1735,1.178,1.1794,1.1688,0,-0.38,1.1127,1.1713
2017.08.14,1.178,1.1806,1.184,1.177,0,-0.34,1.1121,1.1711
2017.08.11,1.182,1.1772,1.1846,1.1747,0,0.41,1.1114,1.1704
2017.08.10,1.1772,1.1759,1.1786,1.1704,0,0.11,1.1107,1.1691
2017.08.09,1.1759,1.1752,1.1765,1.1689,0,0.08,1.11,1.1683
2017.08.08,1.175,1.1794,1.1825,1.1714,0,-0.38,1.1094,1.1675
2017.08.07,1.1795,1.1768,1.1816,1.1768,0,0.2,1.1087,1.1667
2017.08.04,1.1772,1.1871,1.1893,1.1731,0,-0.83,1.108,1.1654
2017.08.03,1.187,1.1856,1.1894,1.1831,0,0.12,1.1073,1.1641
2017.08.02,1.1856,1.1802,1.1911,1.1794,0,0.47,1.1065,1.1617
2017.08.01,1.1801,1.1841,1.1846,1.1784,0,-0.35,1.1057,1.1592
2017.07.31,1.1842,1.1737,1.1847,1.1723,0,0.77,1.1049,1.157
2017.07.28,1.1752,1.1677,1.1765,1.1671,0,0.64,1.1042,1.1541
2017.07.27,1.1677,1.1734,1.1777,1.1649,0,-0.49,1.1034,1.1519
2017.07.26,1.1734,1.1648,1.1741,1.1613,0,0.7,1.1028,1.1502
2017.07.25,1.1652,1.1639,1.1713,1.1631,0,0.09,1.1021,1.1478
2017.07.24,1.1642,1.1662,1.1688,1.1628,0,-0.18,1.1014,1.1459
2017.07.21,1.1663,1.1634,1.1684,1.162,0,0.28,1.1008,1.144
2017.07.20,1.1631,1.1513,1.1657,1.1479,0,1.01,1.1002,1.1417
2017.07.19,1.1515,1.1553,1.1559,1.1509,0,-0.35,1.0995,1.1394
2017.07.18,1.1555,1.1479,1.1585,1.1473,0,0.66,1.099,1.1382
2017.07.17,1.1479,1.1463,1.1488,1.1433,0,0.09,1.0984,1.1363
2017.07.14,1.1469,1.14,1.1473,1.1392,0,0.61,1.0979,1.1351
2017.07.13,1.1399,1.1413,1.1459,1.1373,0,-0.11,1.0974,1.1339
2017.07.12,1.1412,1.1467,1.1491,1.1392,0,-0.48,1.097,1.1332
2017.07.11,1.1467,1.1399,1.1481,1.1383,0,0.59,1.0966,1.1324
2017.07.10,1.14,1.1391,1.1418,1.1381,0,-0.01,1.0961,1.1309
2017.07.07,1.1401,1.1423,1.144,1.1379,0,-0.19,1.0956,1.1299
2017.07.06,1.1423,1.1351,1.1425,1.1329,0,0.62,1.0952,1.1289
2017.07.05,1.1353,1.1345,1.1369,1.1312,0,0.07,1.0947,1.1275
2017.07.04,1.1345,1.1366,1.138,1.1338,0,-0.17,1.0943,1.1266
2017.07.03,1.1364,1.1422,1.1431,1.1357,0,-0.54,1.0939,1.1258
2017.06.30,1.1426,1.1442,1.1448,1.1393,0,-0.13,1.0935,1.1247
2017.06.29,1.1441,1.1376,1.1446,1.1373,0,0.55,1.093,1.1228
2017.06.28,1.1378,1.1339,1.1392,1.1292,0,0.34,1.0925,1.1206
2017.06.27,1.1339,1.1183,1.1351,1.1178,0,1.4,1.092,1.1188
2017.06.26,1.1182,1.1202,1.1222,1.1173,0,-0.11,1.0916,1.1172
2017.06.23,1.1194,1.1152,1.1211,1.1145,0,0.37,1.0913,1.117
2017.06.22,1.1153,1.1168,1.1179,1.114,0,-0.13,1.091,1.1168
2017.06.21,1.1168,1.1133,1.1171,1.1128,0,0.31,1.0908,1.117
2017.06.20,1.1134,1.1147,1.1166,1.1117,0,-0.13,1.0905,1.117
2017.06.19,1.1149,1.1199,1.1214,1.1141,0,-0.43,1.0903,1.1173
2017.06.16,1.1197,1.1143,1.1202,1.1138,0,0.47,1.0901,1.1176
2017.06.15,1.1145,1.1219,1.1231,1.1132,0,-0.65,1.0898,1.1174