"((((0.9475, 82.9422), 40000), 0), 0)"
"((((0.8305, 20.6193), -60000), 3.141592653589793), 0)"
"((((0.8305, 20.6193), -60000), -20), 0)"
"((((0.8695, 54.5179), -80000), 0), 0)"
"((((0.8695, 54.5179), -80000), 3.141592653589793), 0)"
"((((0.9319, 157.9964), -40000), 0), 0)"
"((((0.9319, 157.9964), -40000), -20), 0)"
"((((0.9943, 117.8789), -40000), 0), 0)"
"((((1.0177, 33.9805), 80000), 20), 0)"
"((((0.9397, 82.9422), -60000), 3.141592653589793), 0)"
"((((1.0021, 117.8789), 20000), 20), 0)"
"((((1.0099, 54.5179), 40000), 20), 0)"
"((((0.9475, 117.8789), -60000), 0), 0)"
"((((0.9475, 117.8789), -60000), -20), 0)"
"((((0.9397, 82.9422), -40000), 3.141592653589793), 0)"
"((((1.2205, 117.8789), 80000), 0), 0)"
"((((1.4701, 54.5179), -80000), 3.141592653589793), 0)"
"((((1.5325, 10.7373), 60000), 0), 0)"
"((((1.5403, 10.7373), 80000), -3.141592653589793), 0)"
"((((1.5481, 10.7373), 80000), 20), 0)"
"((((1.5325, 157.9964), 60000), 0), 0)"
"((((1.5325, 157.9964), 60000), -3.141592653589793), 0.0)"
"((((1.5013, 82.9422), 40000), 20), 0)"
"((((1.5091, 10.7373), 80000), 0), 0)"
"((((1.4857, 157.9964), -20000), 0), 0)"
"((((1.4701, 198.8483), 60000), 0), 0)"
"((((1.4701, 198.8483), 60000), 20), 0)"
"((((1.4623, 82.9422), -80000), 0), 0)"
"((((1.4623, 82.9422), -80000), -20), 0)"
"((((1.4467, 82.9422), 20000), 0), 0)"
"((((1.3765, 157.9964), -80000), -20), 0)"
"((((1.3687, 117.8789), -80000), 3.141592653589793), 0)"
"((((1.3687, 117.8789), -80000), -20), 0)"
"((((1.1035, 117.8789), 60000), -3.141592653589793), 0)"
"((((1.1737, 157.9964), -60000), 0), 0)"
"((((1.1971, 157.9964), -60000), 0), 0)"
"((((1.0801, 198.8483), 100000), 0), 0)"
"((((1.1347, 33.9805), 80000), 0), 0)"
"((((1.2985, 82.9422), 40000), 0), 0)"
"((((1.4623, 33.9805), 80000), 20), 0)"
"((((1.4467, 198.8483), 80000), 20), 0)"
"((((1.2595, 198.8483), 100000), 0), 0)"
"((((1.3843, 82.9422), -60000), -20), 0)"
"((((0.8773, 82.9422), -60000), 0), 0)"
"((((0.8773, 54.5179), -80000), 0), 0)"
"((((0.8773, 54.5179), -80000), -20), 0)"
"((((0.8305, 20.6193), 100000), -3.141592653589793), 0.0)"
"((((0.9319, 157.9964), 20000), -3.141592653589793), 0)"
"((((0.9553, 82.9422), 60000), 0), 0)"
"((((1.0411, 198.8483), 80000), 0), 0)"
"((((1.0411, 198.8483), 80000), -3.141592653589793), 0)"
"((((1.0411, 33.9805), 100000), 0), 0)"
"((((1.0099, 33.9805), -80000), 0), 0)"
"((((0.9163, 198.8483), -60000), 0), 0)"
"((((0.9397, 157.9964), 60000), 20), 0)"
"((((0.9475, 117.8789), 40000), 20), 0)"
"((((0.9865, 198.8483), -80000), 0), 0)"
"((((1.0021, 117.8789), 80000), 20), 0)"
"((((1.0255, 33.9805), -80000), -20), 0)"
"((((0.9631, 82.9422), -40000), 0), 0)"
"((((0.9631, 82.9422), -40000), -20), 0)"
"((((0.9553, 198.8483), 40000), -3.141592653589793), 0)"
"((((0.9319, 54.5179), 80000), 0), 0)"
"((((1.2673, 54.5179), 100000), -3.141592653589793), 0)"
"((((1.2829, 117.8789), -80000), 0), 0)"
"((((1.2829, 117.8789), -80000), -20), 0)"
"((((1.2517, 117.8789), 80000), 0), 0)"
"((((1.2517, 117.8789), 80000), -3.141592653589793), 0)"
"((((1.1659, 82.9422), 60000), 0), 0)"
"((((1.0645, 198.8483), -60000), 0), 0)"
"((((1.4779, 33.9805), 60000), 0), 0)"
"((((1.4857, 198.8483), 100000), 0), 0)"
"((((1.4701, 82.9422), 60000), 0), 0)"
"((((1.4623, 54.5179), 80000), 0), 0)"
"((((1.5013, 198.8483), 100000), 0), 0)"
"((((1.5247, 54.5179), 20000), 20), 0)"
"((((1.5169, 117.8789), 80000), -3.141592653589793), 0)"
"((((1.5169, 117.8789), 80000), 20), 0)"
"((((1.4857, 157.9964), 20000), 20), 0)"
"((((1.4623, 82.9422), -40000), 0), 0)"
"((((1.3999, 198.8483), 100000), -3.141592653589793), 0)"
"((((1.4311, 82.9422), 80000), -3.141592653589793), 0)"
"((((1.4233, 198.8483), 20000), 20), 0)"
"((((1.3921, 54.5179), 80000), -3.141592653589793), 0)"
"((((1.4467, 82.9422), -40000), 3.141592653589793), 0)"
"((((1.4467, 82.9422), -40000), -20), 0)"
"((((1.1737, 117.8789), 100000), -3.141592653589793), 0)"
"((((1.1113, 157.9964), -60000), 3.141592653589793), 0)"
"((((1.0645, 117.8789), -60000), -20), 0)"
"((((1.0879, 54.5179), 80000), 20), 0)"
"((((1.1737, 157.9964), -100000), 0), 0)"
"((((1.1737, 82.9422), -80000), 3.141592653589793), 0)"
"((((1.1737, 82.9422), -80000), -20), 0)"
"((((1.2205, 54.5179), -100000), 0), 0)"
"((((1.1581, 157.9964), -80000), 3.141592653589793), 0)"
"((((1.1581, 157.9964), -80000), -20), 0)"
"((((1.4779, 33.9805), -80000), 0), 0)"
"((((1.4467, 157.9964), 40000), 0), 0)"
"((((1.2673, 117.8789), -100000), 3.141592653589793), 0)"
"((((1.3609, 82.9422), 60000), 0), 0)"
"((((0.9475, 82.9422), -60000), 0), 0)"
"((((0.9319, 198.8483), 20000), 20), 0)"
"((((1.0489, 54.5179), -80000), 0), 0)"
"((((1.0411, 20.6193), -100000), 3.141592653589793), 0)"
"((((0.9241, 33.9805), -80000), 0), 0)"
"((((0.9241, 33.9805), -80000), 3.141592653589793), 0)"
"((((0.9475, 33.9805), -80000), -20), 0)"
"((((0.9709, 33.9805), -80000), -20), 0)"
"((((0.9865, 82.9422), 80000), 0), 0)"
"((((1.0177, 157.9964), 40000), 20), 0)"
"((((0.9631, 82.9422), -100000), 0), 0)"
"((((0.9787, 198.8483), -80000), -20), 0)"
"((((1.1425, 117.8789), 40000), 20), 0)"
"((((1.1659, 82.9422), -80000), 3.141592653589793), 0)"
"((((1.1581, 198.8483), -80000), 3.141592653589793), 0)"
"((((1.1269, 82.9422), 60000), 0), 0)"
"((((1.2517, 117.8789), -60000), 0), 0)"
"((((1.1503, 117.8789), -80000), 0), 0)"
"((((1.1503, 117.8789), -80000), -20), 0)"
"((((1.2205, 157.9964), -80000), 0), 0)"
"((((1.3219, 117.8789), -60000), -20), 0)"
"((((1.4545, 117.8789), -40000), 3.141592653589793), 0)"
"((((1.5091, 54.5179), -60000), 3.141592653589793), 0)"
"((((1.4623, 54.5179), -80000), 0), 0)"
"((((1.5325, 54.5179), 20000), -3.141592653589793), 0)"
"((((1.5325, 20.6193), 80000), 0), 0)"
"((((1.5325, 20.6193), 80000), -3.141592653589793), 0)"
"((((1.5559, 10.7373), 100000), -3.141592653589793), 0)"
"((((1.5715, 33.9805), 100000), 0), 0)"
"((((1.5169, 20.6193), 60000), 20), 0)"
"((((1.4857, 33.9805), -100000), 3.141592653589793), 0)"
"((((1.4701, 198.8483), 80000), 0), 0)"
"((((1.4701, 198.8483), 80000), 20), 0)"
"((((1.4077, 54.5179), -60000), 0), 0)"
"((((1.4233, 198.8483), 40000), 0), 0)"
"((((1.4233, 198.8483), 40000), -3.141592653589793), 0)"
"((((1.3687, 117.8789), 40000), 20), 0)"
"((((1.3765, 157.9964), 40000), 20), 0)"
"((((1.3609, 117.8789), 80000), -3.141592653589793), 0)"
"((((1.1815, 82.9422), 80000), 0), 0)"
"((((1.2205, 33.9805), 100000), 0), 0)"
"((((1.1893, 198.8483), 60000), -3.141592653589793), 0)"
"((((1.2127, 82.9422), -80000), 3.141592653589793), 0)"
"((((1.1581, 157.9964), 100000), -3.141592653589793), 0)"
"((((1.2751, 82.9422), 100000), -3.141592653589793), 0.0)"
"((((1.4467, 117.8789), 60000), -3.141592653589793), 0)"
"((((1.4467, 117.8789), 60000), 20), 0)"
"((((1.2673, 117.8789), 80000), 20), 0)"
"((((1.2283, 54.5179), 100000), -3.141592653589793), 0)"
"((((1.2517, 157.9964), 100000), -3.141592653589793), 0)"
"((((1.2673, 82.9422), 60000), 0), 0)"
"((((1.4467, 157.9964), 80000), 0), 0)"
"((((1.4467, 157.9964), 80000), -3.141592653589793), 0)"
"((((1.4545, 82.9422), 80000), 20), 0)"
"((((1.4311, 157.9964), 20000), -3.141592653589793), 0)"
"((((1.4311, 157.9964), 20000), 20), 0)"
"((((1.4311, 82.9422), 40000), 20), 0)"
"((((0.9085, 33.9805), -80000), 0), 0)"
"((((0.9085, 33.9805), -80000), 3.141592653589793), 0)"
"((((0.8695, 54.5179), -100000), 0), 0)"
"((((0.9319, 198.8483), -80000), 0), 0)"
"((((0.9319, 198.8483), -80000), 3.141592653589793), 0)"
"((((1.0177, 117.8789), 60000), 0), 0)"
"((((0.9631, 54.5179), 80000), -3.141592653589793), 0)"
"((((0.9631, 54.5179), 80000), 20), 0)"
"((((0.9943, 117.8789), 80000), 20), 0)"
"((((0.9397, 157.9964), 40000), -3.141592653589793), 0)"
"((((0.9397, 157.9964), 40000), 20), 0)"
"((((0.9553, 82.9422), 80000), 0), 0)"
"((((0.9553, 82.9422), 80000), -3.141592653589793), 0)"
"((((0.9865, 82.9422), -60000), 0), 0)"
"((((0.9865, 82.9422), -60000), 3.141592653589793), 0)"
"((((0.9631, 82.9422), 40000), 0), 0)"
"((((0.9475, 157.9964), 40000), -3.141592653589793), 0)"
"((((1.0099, 117.8789), -60000), 0), 0)"
"((((1.0099, 117.8789), -60000), 3.141592653589793), 0)"
"((((1.1269, 157.9964), 40000), 20), 0)"
"((((1.1581, 33.9805), -80000), 0), 0)"
"((((1.2049, 54.5179), -80000), -20), 0)"
"((((1.2283, 157.9964), 80000), 0), 0)"
"((((1.2283, 117.8789), 80000), -3.141592653589793), 0)"
"((((1.2205, 157.9964), -60000), 3.141592653589793), 0)"
"((((1.1191, 82.9422), -100000), 0), 0)"
"((((1.0723, 82.9422), 100000), -3.141592653589793), 0)"
"((((1.0801, 117.8789), -80000), -20), 0)"
"((((1.4701, 33.9805), 100000), -3.141592653589793), 0)"
"((((1.5325, 157.9964), 20000), 0), 0)"
"((((1.5013, 54.5179), 20000), 0), 0)"
"((((1.5091, 157.9964), 60000), 0), 0)"
"((((1.5091, 157.9964), 60000), 20), 0)"
"((((1.5325, 82.9422), 80000), -3.141592653589793), 0)"
"((((1.5325, 82.9422), 80000), 20), 0)"
"((((1.5325, 10.7373), 80000), 0), 0)"
"((((1.4623, 82.9422), 40000), 0), 0)"
"((((1.4623, 82.9422), 40000), 20), 0)"
"((((1.2985, 157.9964), 40000), 20), 0)"
"((((1.3609, 117.8789), 60000), 20), 0)"
"((((1.2907, 33.9805), 80000), 20), 0)"
"((((1.1503, 198.8483), 80000), 20), 0)"
"((((1.2127, 82.9422), 80000), 20), 0)"
"((((1.1737, 157.9964), 40000), -3.141592653589793), 0)"
"((((1.1737, 157.9964), 40000), 20), 0)"
"((((1.3375, 54.5179), 100000), 0), 0)"
"((((1.2751, 198.8483), 60000), 0), 0)"
"((((1.2673, 117.8789), -80000), 3.141592653589793), 0)"
"((((1.2595, 198.8483), 60000), 20), 0)"
"((((1.4311, 157.9964), -20000), -20), 0)"
"((((1.3999, 82.9422), 80000), 0), 0)"
"((((1.3999, 82.9422), 80000), 20), 0)"
"((((1.3531, 157.9964), 80000), 0), 0)"
"((((1.3531, 157.9964), 80000), -3.141592653589793), 0)"
"((((0.9475, 82.9422), -40000), -20), 0)"
"((((0.9241, 198.8483), -20000), 3.141592653589793), 0)"
"((((0.8695, 198.8483), 40000), -3.141592653589793), 0)"
"((((0.8305, 20.6193), 60000), 20), 0)"
"((((0.8305, 33.9805), 60000), -3.141592653589793), 0)"
"((((0.8461, 20.6193), 60000), 0), 0)"
"((((0.8461, 20.6193), 60000), 20), 0)"
"((((0.9319, 82.9422), 60000), -3.141592653589793), 0)"
"((((0.9553, 117.8789), 60000), 0), 0)"
"((((1.0411, 198.8483), -80000), -20), 0)"
"((((1.0255, 117.8789), 60000), 0), 0)"
"((((1.0255, 54.5179), 80000), 0), 0)"
"((((1.0255, 54.5179), 80000), 20), 0)"
"((((0.9475, 54.5179), 40000), 0), 0)"
"((((0.9475, 54.5179), 40000), 20), 0)"
"((((0.9241, 117.8789), -100000), 3.141592653589793), 0)"
"((((0.9241, 20.6193), -100000), 0), 0)"
"((((1.0021, 54.5179), 80000), -3.141592653589793), 0)"
"((((1.0099, 157.9964), -60000), 0), 0)"
"((((1.0099, 157.9964), -60000), -20), 0)"
"((((1.0177, 54.5179), 40000), 20), 0)"
"((((1.0333, 33.9805), -80000), 0), 0)"
"((((1.0099, 54.5179), 80000), 0), 0)"
"((((1.0099, 54.5179), 80000), -3.141592653589793), 0)"
"((((1.0177, 20.6193), 100000), 0), 0)"
"((((0.9865, 54.5179), 80000), 0), 0)"
"((((0.9397, 54.5179), -80000), 0), 0)"
"((((0.9397, 54.5179), -80000), -20), 0)"
"((((0.9631, 54.5179), 60000), 0), 0)"
"((((0.9631, 54.5179), 60000), 20), 0)"
"((((1.0099, 117.8789), 40000), 20), 0)"
"((((1.0021, 157.9964), -100000), 0), 0)"
"((((1.1269, 157.9964), -80000), 3.141592653589793), 0)"
"((((1.2595, 117.8789), -100000), 0), 0)"
"((((1.2517, 117.8789), -80000), 0), 0)"
"((((1.2517, 117.8789), -80000), 3.141592653589793), 0)"
"((((1.2439, 117.8789), -80000), 0), 0)"
"((((1.2205, 157.9964), 60000), 0), 0)"
"((((1.1971, 157.9964), 40000), -3.141592653589793), 0)"
"((((1.1347, 82.9422), 80000), 20), 0)"
"((((1.3219, 198.8483), -80000), 0), 0)"
"((((1.5169, 33.9805), 60000), 0), 0)"
"((((1.5013, 198.8483), 40000), 0), 0)"
"((((1.5325, 54.5179), 60000), 0), 0)"
"((((1.5325, 54.5179), 60000), 20), 0)"
"((((1.5403, 82.9422), -40000), 3.141592653589793), 0)"
"((((1.5013, 82.9422), 20000), -3.141592653589793), 0)"
"((((1.5325, 82.9422), -80000), 0), 0)"
"((((1.3687, 117.8789), 60000), -3.141592653589793), 0)"
"((((1.3687, 117.8789), 60000), 20), 0)"
"((((1.0645, 33.9805), 80000), 20), 0)"
"((((1.1581, 198.8483), 80000), 0), 0)"
"((((1.1581, 198.8483), 80000), -3.141592653589793), 0)"
"((((1.2283, 82.9422), -100000), 3.141592653589793), 0)"
"((((1.1971, 157.9964), 60000), 0), 0)"
"((((1.4467, 198.8483), -60000), 3.141592653589793), 0)"
"((((1.3453, 157.9964), -60000), 0), 0)"
"((((1.3453, 157.9964), -60000), 3.141592653589793), 0)"
"((((1.4233, 33.9805), 100000), 0), 0)"
"((((1.4077, 82.9422), 60000), 20), 0)"
"((((1.4545, 82.9422), -80000), 0), 0)"
"((((1.1191, 157.9964), -100000), 3.141592653589793), 0)"
"((((0.9163, 10.7373), -100000), 0), 0)"
"((((0.9085, 33.9805), 60000), 20), 0)"
"((((0.8929, 117.8789), 80000), 0), 0)"
"((((0.8929, 117.8789), 80000), -3.141592653589793), 0)"
"((((0.8305, 33.9805), 40000), 20), 0)"
"((((1.0333, 54.5179), -60000), 0), 0)"
"((((1.0333, 54.5179), -60000), 3.141592653589793), 0)"
"((((1.0567, 54.5179), -80000), -20), 0)"
"((((1.0255, 117.8789), 100000), 0), 0)"
"((((0.9865, 54.5179), -80000), 0), 0)"
"((((0.9475, 117.8789), -80000), 3.141592653589793), 0)"
"((((0.9475, 117.8789), -80000), -20), 0)"
"((((1.0021, 54.5179), -80000), 3.141592653589793), 0)"
"((((1.0099, 33.9805), -100000), 0), 0)"
"((((0.9787, 198.8483), 100000), 0), 0)"
"((((0.9943, 54.5179), -60000), -20), 0)"
"((((1.2205, 33.9805), -100000), 0), 0)"
"((((1.2049, 157.9964), 60000), 0), 0)"
"((((1.2907, 157.9964), -100000), 3.141592653589793), 0)"
"((((1.4155, 33.9805), -80000), -20), 0)"
"((((1.4545, 117.8789), -20000), 0), 0)"
"((((1.5091, 20.6193), 60000), -3.141592653589793), 0)"
"((((1.5013, 54.5179), 60000), -3.141592653589793), 0)"
"((((1.5013, 54.5179), 60000), 20), 0)"
"((((1.4701, 198.8483), -80000), -20), 0)"
"((((1.4857, 198.8483), 40000), 0), 0)"
"((((1.4545, 33.9805), -80000), 3.141592653589793), 0)"
"((((1.4233, 82.9422), -100000), 3.141592653589793), 0)"
"((((1.3609, 82.9422), 80000), 0), 0)"
"((((1.3609, 82.9422), 80000), -3.141592653589793), 0)"
"((((1.3531, 33.9805), 80000), 20), 0)"
"((((1.4155, 117.8789), 60000), 20), 0)"
"((((1.0645, 117.8789), 100000), -3.141592653589793), 0)"
"((((1.1737, 157.9964), 60000), -3.141592653589793), 0)"
"((((1.2751, 82.9422), -100000), 0), 0)"
"((((1.3921, 117.8789), -60000), 0), 0)"
"((((1.4155, 198.8483), -80000), 0), 0)"
"((((1.4311, 198.8483), -60000), -20), 0)"
"((((1.1815, 157.9964), -100000), 0), 0)"
"((((1.3999, 82.9422), -80000), 0), 0)"
"((((1.3687, 198.8483), -100000), 0), 0)"
"((((1.3531, 157.9964), -80000), 0), 0)"
"((((0.9241, 198.8483), -60000), 0), 0)"
"((((0.9241, 198.8483), -60000), -20), 0)"
"((((0.8929, 117.8789), 20000), -3.141592653589793), 0)"
"((((0.9319, 157.9964), -80000), 0), 0)"
"((((0.9319, 157.9964), -80000), -20), 0)"
"((((0.9319, 198.8483), -40000), 0), 0)"
"((((1.0489, 198.8483), -80000), 3.141592653589793), 0)"
"((((1.0489, 198.8483), -80000), -20), 0)"
"((((0.9865, 54.5179), 100000), 0), 0)"
"((((0.9553, 33.9805), -80000), 3.141592653589793), 0)"
"((((0.9865, 82.9422), 40000), 0), 0)"
"((((0.9475, 117.8789), -40000), 3.141592653589793), 0)"
"((((1.1659, 157.9964), -100000), 3.141592653589793), 0)"
"((((1.1659, 82.9422), 100000), -3.141592653589793), 0)"
"((((1.2829, 198.8483), -100000), 3.141592653589793), 0)"
"((((1.1503, 117.8789), 60000), -3.141592653589793), 0)"
"((((1.1503, 117.8789), 60000), 20), 0)"
"((((1.2595, 157.9964), 40000), 0), 0)"
"((((1.2595, 117.8789), -80000), -20), 0)"
"((((1.4857, 82.9422), -80000), 0), 0)"
"((((1.4857, 82.9422), -80000), 3.141592653589793), 0)"
"((((1.4545, 117.8789), -60000), -20), 0)"
"((((1.5091, 54.5179), -20000), 0), 0)"
"((((1.4779, 82.9422), -100000), 3.141592653589793), 0)"
"((((1.3765, 117.8789), -40000), 3.141592653589793), 0)"
"((((1.4233, 198.8483), -40000), 0), 0)"
"((((1.3531, 82.9422), -80000), 3.141592653589793), 0)"
"((((1.4155, 33.9805), -100000), 0), 0)"
"((((1.2673, 157.9964), -60000), -20), 0)"
"((((1.1737, 157.9964), 80000), -3.141592653589793), 0)"
"((((1.1737, 157.9964), 80000), 20), 0)"
"((((1.3297, 157.9964), -100000), 3.141592653589793), 0)"
"((((1.4311, 198.8483), -100000), 0), 0)"
"((((1.4311, 82.9422), -100000), 3.141592653589793), 0)"
"((((1.4623, 198.8483), -60000), 0), 0)"
"((((1.4623, 198.8483), -60000), -20), 0)"
"((((1.0021, 33.9805), -100000), 3.141592653589793), 0)"
"((((0.9787, 33.9805), 80000), 0), 0)"
"((((1.0099, 157.9964), -80000), 3.141592653589793), 0)"
"((((0.9787, 82.9422), 60000), 20), 0)"
"((((1.0255, 198.8483), 60000), 0), 0)"
"((((1.0255, 198.8483), 60000), 20), 0)"
"((((0.9631, 82.9422), 60000), 20), 0)"
"((((0.9553, 54.5179), -100000), 0), 0)"
"((((1.0021, 157.9964), -40000), 0), 0)"
"((((1.0099, 82.9422), -60000), -20), 0)"
"((((1.4701, 33.9805), 80000), -3.141592653589793), 0)"
"((((1.5403, 33.9805), 40000), 0), 0)"
"((((1.5403, 33.9805), 40000), 20), 0)"
"((((1.5325, 54.5179), -40000), 0), 0)"
"((((1.5325, 54.5179), -40000), 3.141592653589793), 0)"
"((((1.5715, 33.9805), 60000), 20), 0)"
"((((1.5091, 157.9964), 40000), 0), 0)"
"((((1.5091, 157.9964), 40000), 20), 0)"
"((((1.5013, 198.8483), 80000), -3.141592653589793), 0)"
"((((1.5013, 198.8483), 80000), 20), 0)"
"((((1.4077, 82.9422), -80000), 3.141592653589793), 0)"
"((((1.3141, 82.9422), 60000), -3.141592653589793), 0)"
"((((1.3765, 117.8789), 60000), 0), 0)"
"((((1.4467, 82.9422), 60000), 0), 0)"
"((((1.3843, 20.6193), 80000), 0), 0)"
"((((1.3687, 117.8789), -60000), 3.141592653589793), 0)"
"((((1.3687, 117.8789), -60000), -20), 0)"
"((((1.0801, 157.9964), -80000), 3.141592653589793), 0)"
"((((1.0801, 157.9964), -80000), -20), 0)"
"((((1.1191, 198.8483), -60000), -20), 0)"
"((((1.0957, 82.9422), -60000), 0), 0)"
"((((1.2283, 117.8789), 100000), 0), 0)"
"((((1.1815, 198.8483), -80000), 0), 0)"
"((((1.1815, 198.8483), -80000), 3.141592653589793), 0)"
"((((1.4701, 54.5179), 80000), -3.141592653589793), 0)"
"((((1.4701, 54.5179), 80000), 20), 0)"
"((((1.3687, 198.8483), 80000), -3.141592653589793), 0)"
"((((1.3687, 198.8483), 80000), 20), 0)"
"((((1.3843, 198.8483), 80000), -3.141592653589793), 0)"
"((((1.3843, 198.8483), 80000), 20), 0)"
"((((1.1659, 157.9964), -80000), 3.141592653589793), 0)"
"((((0.9241, 198.8483), 80000), 0), 0)"
"((((0.9241, 198.8483), 80000), 20), 0)"
"((((0.8929, 117.8789), 40000), -3.141592653589793), 0)"
"((((0.8929, 117.8789), 40000), 20), 0)"
"((((0.9553, 82.9422), 100000), 0), 0)"
"((((1.0255, 54.5179), -80000), -20), 0)"
"((((0.9397, 157.9964), -60000), 3.141592653589793), 0)"
"((((0.9397, 157.9964), -60000), -20), 0)"
"((((0.9475, 117.8789), 100000), 0), 0)"
"((((0.9397, 54.5179), 80000), 0), 0)"
"((((1.1425, 117.8789), 60000), 0), 0)"
"((((1.1425, 117.8789), 60000), 20), 0)"
"((((1.2829, 198.8483), 80000), 0), 0)"
"((((1.2829, 198.8483), 80000), 20), 0)"
"((((1.1971, 157.9964), -80000), 3.141592653589793), 0)"
"((((1.0723, 82.9422), 80000), -3.141592653589793), 0)"
"((((1.5325, 20.6193), -60000), 0), 0)"
"((((1.5325, 20.6193), -60000), -20), 0)"
"((((1.5559, 10.7373), 60000), 20), 0)"
"((((1.5169, 10.7373), 80000), 0), 0)"
"((((1.5247, 10.7373), 100000), 0), 0)"
"((((1.4935, 20.6193), 100000), -3.141592653589793), 0)"
"((((1.4233, 82.9422), 60000), 20), 0)"
"((((1.3609, 54.5179), 100000), -3.141592653589793), 0)"
"((((1.3297, 117.8789), -60000), 0), 0)"
"((((1.3297, 117.8789), -60000), -20), 0)"
"((((1.3609, 117.8789), 100000), -3.141592653589793), 0)"
"((((1.1893, 82.9422), -80000), 0), 0)"
"((((1.1035, 198.8483), -60000), 3.141592653589793), 0)"
"((((1.2049, 198.8483), -100000), 0), 0)"
"((((1.4545, 198.8483), -80000), 3.141592653589793), 0)"
"((((1.4545, 82.9422), 60000), -3.141592653589793), 0)"
"((((0.9475, 82.9422), 60000), 0), 0)"
"((((0.8305, 33.9805), 20000), 0), 0)"
"((((0.8305, 33.9805), 20000), 20), 0)"
"((((1.0489, 54.5179), 80000), 0), 0)"
"((((1.0489, 54.5179), 80000), 20), 0)"
"((((1.0255, 54.5179), -60000), 0), 0)"
"((((1.0177, 117.8789), 80000), 0), 0)"
"((((1.0177, 117.8789), 80000), -3.141592653589793), 0)"
"((((0.9319, 117.8789), 80000), 0), 0)"
"((((0.9319, 117.8789), 80000), -3.141592653589793), 0)"
"((((0.9631, 33.9805), 80000), 0), 0)"
"((((1.0021, 82.9422), -40000), 0), 0)"
"((((1.0099, 82.9422), 80000), 0), 0)"
"((((0.9553, 198.8483), 100000), -3.141592653589793), 0)"
"((((1.1425, 117.8789), -60000), 0), 0)"
"((((1.1425, 117.8789), -60000), -20), 0)"
"((((1.1659, 157.9964), -40000), 0), 0)"
"((((1.1503, 157.9964), 60000), -3.141592653589793), 0)"
"((((1.4623, 198.8483), -40000), 0), 0)"
"((((1.5169, 20.6193), 40000), -3.141592653589793), 0)"
"((((1.5169, 20.6193), 40000), 20), 0)"
"((((1.4935, 20.6193), 80000), 20), 0)"
"((((1.5169, 117.8789), 60000), 0), 0)"
"((((1.5169, 117.8789), 60000), 20), 0)"
"((((1.5013, 198.8483), -80000), 0), 0)"
"((((1.0957, 157.9964), 80000), 0), 0)"
"((((1.0957, 82.9422), -80000), 3.141592653589793), 0)"
"((((1.0957, 82.9422), -80000), -20), 0)"
"((((1.1035, 54.5179), 80000), 0), 0)"
"((((1.2517, 82.9422), -80000), 0), 0)"
"((((1.1347, 198.8483), -80000), 0), 0)"
"((((1.3141, 198.8483), 40000), -3.141592653589793), 0)"
"((((1.4311, 198.8483), -80000), 0), 0)"
"((((1.4311, 198.8483), -80000), 3.141592653589793), 0)"
"((((1.4155, 117.8789), 100000), -3.141592653589793), 0)"
"((((0.9319, 157.9964), 40000), -3.141592653589793), 0)"
"((((0.9319, 157.9964), 40000), 20), 0)"
"((((1.0255, 117.8789), -60000), 0), 0)"
"((((1.0255, 117.8789), -60000), 3.141592653589793), 0)"
"((((0.9553, 33.9805), -100000), 0), 0)"
"((((0.9553, 82.9422), 40000), 0), 0)"
"((((0.9631, 82.9422), 80000), 0), 0)"
"((((0.9631, 82.9422), 80000), 20), 0)"
"((((0.9553, 54.5179), -80000), 0), 0)"
"((((0.9475, 20.6193), -100000), 0), 0)"
"((((1.1269, 157.9964), 60000), 0), 0)"
"((((1.1269, 157.9964), 60000), 20), 0)"
"((((1.2049, 117.8789), 80000), 0), 0)"
"((((1.2049, 117.8789), 80000), -3.141592653589793), 0)"
"((((1.5091, 54.5179), -80000), -20), 0)"
"((((1.5169, 33.9805), -80000), 3.141592653589793), 0)"
"((((1.5169, 33.9805), -80000), -20), 0)"
"((((1.5247, 54.5179), -60000), 0), 0)"
"((((1.5247, 54.5179), -60000), -20), 0)"
"((((1.5013, 54.5179), 40000), 0), 0)"
"((((1.5013, 54.5179), 40000), 20), 0)"
"((((1.4701, 117.8789), 100000), 0), 0)"
"((((1.3999, 198.8483), 40000), -3.141592653589793), 0)"
"((((1.3063, 198.8483), 100000), 0), 0)"
"((((1.3765, 82.9422), -100000), 0), 0.0)"
"((((1.3765, 82.9422), -100000), 3.141592653589793), 0)"
"((((1.3609, 157.9964), -60000), 0), 0)"
"((((1.3609, 157.9964), -60000), -20), 0)"
"((((1.1893, 82.9422), 80000), 20), 0)"
"((((1.2205, 117.8789), 60000), 20), 0)"
"((((1.4233, 82.9422), 100000), 0), 0)"
"((((1.3687, 198.8483), -80000), -20), 0)"
"((((1.3843, 198.8483), -80000), 3.141592653589793), 0)"
"((((0.9241, 198.8483), 60000), 0), 0)"
"((((0.9241, 198.8483), 60000), 20), 0)"
"((((0.8695, 198.8483), -60000), 0), 0)"
"((((0.8695, 198.8483), -60000), -20), 0)"
"((((0.8773, 54.5179), -40000), 3.141592653589793), 0)"
"((((1.0333, 20.6193), 80000), 0), 0)"
"((((0.9163, 198.8483), 80000), -3.141592653589793), 0)"
"((((1.0021, 198.8483), 80000), 0), 0)"
"((((1.0021, 198.8483), 80000), 20), 0)"
"((((1.0099, 198.8483), -80000), 0), 0)"
"((((0.9865, 82.9422), -100000), 0), 0)"
"((((1.2595, 157.9964), 60000), -3.141592653589793), 0)"
"((((1.1113, 198.8483), 80000), 0), 0)"
"((((1.1113, 198.8483), 80000), -3.141592653589793), 0)"
"((((1.0801, 117.8789), -60000), 0), 0)"
"((((1.2049, 157.9964), 100000), -3.141592653589793), 0)"
"((((1.3219, 117.8789), 60000), 20), 0)"
"((((1.5247, 20.6193), 60000), 20), 0)"
"((((1.5013, 82.9422), -40000), 3.141592653589793), 0)"
"((((1.4857, 33.9805), 100000), -3.141592653589793), 0)"
"((((1.4077, 54.5179), -80000), 3.141592653589793), 0)"
"((((1.3999, 82.9422), -100000), 0), 0)"
"((((1.3609, 157.9964), 20000), 0), 0)"
"((((1.4311, 82.9422), 100000), 0), 0)"
"((((1.1503, 198.8483), -80000), -20), 0)"
"((((1.0723, 198.8483), 100000), 0), 0)"
"((((1.2283, 82.9422), -80000), -20), 0)"
"((((1.1737, 54.5179), -100000), 3.141592653589793), 0)"
"((((1.3375, 54.5179), 60000), 0), 0)"
"((((1.0411, 117.8789), 60000), 0), 0)"
"((((1.0411, 117.8789), 60000), 20), 0)"
"((((1.0255, 117.8789), 40000), 0), 0)"
"((((0.9787, 54.5179), -80000), -20), 0)"
"((((0.9943, 54.5179), 100000), 0), 0)"
"((((0.9865, 82.9422), 60000), 20), 0)"
"((((0.9319, 54.5179), 60000), 0), 0)"
"((((1.1425, 117.8789), 20000), 0), 0)"
"((((1.1503, 157.9964), -80000), 0), 0)"
"((((1.0723, 82.9422), -80000), 3.141592653589793), 0)"
"((((1.5247, 54.5179), -80000), 0), 0)"
"((((1.5247, 54.5179), -80000), -20), 0)"
"((((1.5481, 10.7373), 60000), -3.141592653589793), 0)"
"((((1.5169, 117.8789), -60000), 3.141592653589793), 0)"
"((((1.5169, 117.8789), -60000), -20), 0)"
"((((1.4233, 82.9422), -60000), -20), 0)"
"((((1.4467, 82.9422), 40000), 0), 0)"
"((((1.0801, 82.9422), -60000), 0), 0)"
"((((1.1035, 117.8789), -80000), 3.141592653589793), 0)"
"((((1.1035, 117.8789), -80000), -20), 0)"
"((((1.4545, 198.8483), 60000), 0), 0)"
"((((1.4545, 198.8483), 60000), 20), 0)"
"((((1.4467, 157.9964), 60000), 0), 0)"
"((((1.1191, 157.9964), 60000), 0), 0)"
"((((1.1191, 157.9964), 60000), -3.141592653589793), 0)"
"((((0.9475, 82.9422), -100000), 3.141592653589793), 0)"
"((((0.8695, 33.9805), 80000), 0), 0)"
"((((0.8695, 198.8483), 100000), 0), 0)"
"((((1.0177, 54.5179), -80000), 0), 0)"
"((((1.0645, 117.8789), -40000), -20), 0)"
"((((1.0021, 117.8789), -60000), -20), 0)"
"((((1.0255, 33.9805), -100000), 0), 0)"
"((((1.4623, 198.8483), 60000), 20), 0)"
"((((1.5325, 54.5179), 40000), 20), 0)"
"((((1.5325, 82.9422), -100000), 3.141592653589793), 0)"
"((((1.4701, 198.8483), 100000), 0), 0)"
"((((1.4233, 82.9422), 80000), 0), 0)"
"((((1.3141, 117.8789), 40000), -3.141592653589793), 0)"
"((((1.1581, 198.8483), 60000), 0), 0)"
"((((1.2673, 198.8483), 80000), 20), 0)"
"((((1.3453, 157.9964), 40000), -3.141592653589793), 0)"
"((((1.3297, 157.9964), 80000), 0), 0)"
"((((1.3297, 157.9964), 80000), -3.141592653589793), 0)"
"((((1.4623, 198.8483), 80000), 0), 0)"
"((((1.4623, 198.8483), 80000), 20), 0)"
"((((1.1971, 198.8483), 60000), 0), 0)"
"((((1.1191, 117.8789), 80000), -3.141592653589793), 0)"
"((((0.8305, 20.6193), 80000), 0), 0)"
"((((0.8305, 20.6193), 80000), 20), 0)"
"((((0.9475, 54.5179), -80000), -20), 0)"
"((((1.0099, 198.8483), 80000), 20), 0)"
"((((0.9787, 33.9805), -60000), 3.141592653589793), 0)"
"((((0.9787, 82.9422), -80000), 0), 0)"
"((((0.9787, 82.9422), -80000), -20), 0)"
"((((0.9709, 20.6193), 100000), 0), 0)"
"((((1.2907, 54.5179), -60000), 0), 0)"
"((((1.2595, 157.9964), -60000), -20), 0)"
"((((1.2205, 157.9964), -100000), 3.141592653589793), 0)"
"((((1.0801, 117.8789), 60000), 0), 0)"
"((((1.0801, 117.8789), 60000), 20), 0)"
"((((1.4857, 198.8483), -60000), -20), 0)"
"((((1.5091, 157.9964), 80000), 0), 0)"
"((((1.5091, 157.9964), 80000), -3.141592653589793), 0)"
"((((1.3297, 117.8789), 60000), -3.141592653589793), 0)"
"((((1.0801, 82.9422), 80000), 0), 0)"
"((((1.0801, 82.9422), 80000), 20), 0)"
"((((1.3921, 54.5179), -80000), -20), 0)"
"((((0.9241, 198.8483), -40000), 0), 0)"
"((((0.9241, 198.8483), -40000), 3.141592653589793), 0)"
"((((0.8695, 198.8483), 60000), 0), 0)"
"((((0.9319, 82.9422), -60000), 0), 0)"
"((((0.9319, 82.9422), -60000), -20), 0)"
"((((0.9163, 198.8483), -40000), 0), 0)"
"((((0.9241, 117.8789), -40000), 3.141592653589793), 0)"
"((((0.9241, 117.8789), -40000), -20), 0)"
"((((0.9787, 198.8483), -60000), 0), 0)"
"((((0.9787, 198.8483), -60000), -20), 0)"
"((((1.2049, 117.8789), 60000), 20), 0)"
"((((1.1659, 117.8789), -80000), 3.141592653589793), 0)"
"((((1.1659, 117.8789), -80000), -20), 0)"
"((((1.4779, 82.9422), -80000), 3.141592653589793), 0)"
"((((1.4701, 117.8789), -60000), 0), 0)"
"((((1.4077, 198.8483), -80000), 0), 0)"
"((((1.3609, 157.9964), 60000), 0), 0)"
"((((1.3609, 157.9964), 60000), -3.141592653589793), 0)"
"((((1.3453, 198.8483), -80000), 3.141592653589793), 0)"
"((((1.3375, 54.5179), -80000), 0), 0)"
"((((1.2985, 198.8483), 100000), -3.141592653589793), 0)"
"((((1.4545, 198.8483), -60000), -20), 0)"
"((((1.4155, 198.8483), -40000), 0), 0)"
"((((1.4311, 157.9964), -60000), 0), 0)"
"((((1.4311, 157.9964), -60000), -20), 0)"
"((((1.2985, 117.8789), -80000), 0), 0)"
"((((1.4077, 117.8789), 80000), 0), 0)"
"((((1.4077, 117.8789), 80000), 20), 0)"
"((((1.3843, 82.9422), -80000), 3.141592653589793), 0)"
"((((0.9163, 20.6193), -80000), 0), 0)"
"((((0.8539, 10.7373), 80000), 20), 0)"
"((((1.0333, 54.5179), -80000), -20), 0)"
"((((1.0255, 117.8789), -80000), 0), 0)"
"((((1.0255, 117.8789), -80000), 3.141592653589793), 0)"
"((((0.9241, 117.8789), -60000), 0), 0)"
"((((0.9241, 117.8789), -60000), -20), 0)"
"((((1.2439, 117.8789), 60000), 20), 0)"
"((((1.5091, 54.5179), 60000), -3.141592653589793), 0)"
"((((1.5091, 54.5179), 60000), 20), 0)"
"((((1.4857, 198.8483), 80000), 0), 0)"
"((((1.4857, 198.8483), 80000), 20), 0)"
"((((1.5247, 54.5179), 80000), -3.141592653589793), 0)"
"((((1.5559, 10.7373), 80000), 0), 0)"
"((((1.5559, 10.7373), 80000), -3.141592653589793), 0)"
"((((1.5169, 20.6193), -40000), -20), 0)"
"((((1.5013, 54.5179), -40000), 3.141592653589793), 0)"
"((((1.3297, 117.8789), 40000), 0), 0)"
"((((1.2985, 82.9422), 60000), 20), 0)"
"((((1.2985, 117.8789), 40000), 20), 0)"
"((((0.9241, 33.9805), 80000), -3.141592653589793), 0)"
"((((0.9241, 33.9805), 80000), 20), 0)"
"((((0.8695, 33.9805), -100000), 0), 0)"
"((((0.8461, 10.7373), -80000), 0), 0)"
"((((0.8461, 10.7373), -80000), -20), 0)"
"((((0.9865, 20.6193), -80000), 0), 0)"
"((((0.9865, 20.6193), -80000), -20), 0)"
"((((1.1113, 82.9422), -100000), 0), 0)"
"((((1.5169, 117.8789), -40000), 3.141592653589793), 0)"
"((((1.5169, 117.8789), -40000), -20), 0)"
"((((1.4077, 198.8483), -100000), 3.141592653589793), 0)"
"((((1.3063, 82.9422), -80000), -20), 0)"
"((((1.3297, 117.8789), 80000), 0), 0)"
"((((1.3297, 117.8789), 80000), -3.141592653589793), 0)"
"((((1.0957, 82.9422), 80000), 20), 0)"
"((((1.3843, 198.8483), 40000), -3.141592653589793), 0)"
"((((1.4623, 198.8483), -80000), 3.141592653589793), 0)"
"((((1.4623, 198.8483), -80000), -20), 0)"
"((((0.8773, 54.5179), 60000), 0), 0)"
"((((0.8773, 54.5179), 60000), 20), 0)"
"((((0.8695, 54.5179), 100000), -3.141592653589793), 0)"
"((((0.9553, 117.8789), -80000), 0), 0)"
"((((1.0333, 54.5179), 60000), 0), 0)"
"((((1.0255, 117.8789), 80000), 0), 0)"
"((((1.0255, 117.8789), 80000), -3.141592653589793), 0)"
"((((0.9397, 82.9422), -80000), 0), 0)"
"((((1.2361, 198.8483), 80000), 0), 0)"
"((((1.2049, 82.9422), -80000), -20), 0)"
"((((1.5247, 20.6193), -60000), 0), 0)"
"((((1.4857, 157.9964), 80000), 0), 0)"
"((((1.4857, 157.9964), 80000), -3.141592653589793), 0)"
"((((1.4077, 54.5179), 80000), 0), 0)"
"((((1.4077, 54.5179), 80000), 20), 0)"
"((((1.4077, 198.8483), 60000), 20), 0)"
"((((1.4233, 198.8483), 60000), -3.141592653589793), 0)"
"((((1.4233, 198.8483), 60000), 20), 0)"
"((((1.2751, 117.8789), -100000), 3.141592653589793), 0)"
"((((1.1737, 82.9422), 80000), -3.141592653589793), 0)"
"((((1.2673, 198.8483), 60000), -3.141592653589793), 0)"
"((((1.2985, 82.9422), -80000), 0), 0)"
"((((1.3453, 82.9422), -100000), 3.141592653589793), 0)"
"((((1.1737, 82.9422), 60000), 0), 0)"
"((((1.1737, 82.9422), 60000), 20), 0)"
"((((1.1191, 117.8789), 60000), -3.141592653589793), 0)"
"((((1.1191, 117.8789), 60000), 20), 0)"
"((((0.8305, 20.6193), -80000), 0), 0)"
"((((0.8305, 20.6193), -80000), 3.141592653589793), 0)"
"((((0.8305, 33.9805), -100000), 0), 0)"
"((((0.9319, 82.9422), -40000), 3.141592653589793), 0)"
"((((1.0489, 54.5179), 60000), 0), 0)"
"((((1.0021, 82.9422), 40000), -3.141592653589793), 0)"
"((((1.5637, 10.7373), -80000), -20), 0)"
"((((1.5559, 10.7373), -80000), 3.141592653589793), 0)"
"((((1.5403, 82.9422), 60000), 0), 0)"
"((((1.5403, 82.9422), 60000), 20), 0)"
"((((1.5013, 82.9422), -60000), 3.141592653589793), 0)"
"((((1.5013, 54.5179), -60000), 3.141592653589793), 0)"
"((((1.1659, 157.9964), 100000), 0), 0)"
"((((1.1191, 198.8483), -80000), 0), 0)"
"((((1.1191, 198.8483), -80000), -20), 0)"
"((((1.3921, 117.8789), -80000), 0), 0)"
"((((1.4155, 198.8483), -100000), 0), 0)"
"((((1.3609, 54.5179), 80000), -3.141592653589793), 0)"
"((((1.4311, 157.9964), -80000), 0), 0)"
"((((1.4311, 157.9964), -80000), -20), 0)"
"((((1.2595, 198.8483), 80000), 0), 0)"
"((((1.2595, 198.8483), 80000), 20), 0)"
"((((0.9553, 82.9422), -80000), 3.141592653589793), 0)"
"((((0.9553, 82.9422), -80000), -20), 0)"
"((((1.0489, 54.5179), 100000), 0), 0)"
"((((1.0021, 117.8789), -80000), 0), 0)"
"((((1.0021, 117.8789), -80000), -20), 0)"
"((((0.9709, 20.6193), -80000), -20), 0)"
"((((0.9631, 54.5179), -100000), 0), 0)"
"((((1.1971, 157.9964), 100000), 0), 0)"
"((((1.5091, 20.6193), -60000), 3.141592653589793), 0)"
"((((1.5247, 10.7373), 80000), -3.141592653589793), 0)"
"((((1.5247, 10.7373), 80000), 20), 0)"
"((((1.4701, 117.8789), 80000), 0), 0)"
"((((1.4701, 117.8789), 80000), 20), 0)"
"((((1.1581, 54.5179), -100000), 3.141592653589793), 0)"
"((((1.2205, 198.8483), 80000), 0), 0)"
"((((1.4467, 117.8789), 40000), -3.141592653589793), 0)"
"((((1.4467, 117.8789), 40000), 20), 0)"
"((((0.9163, 54.5179), -40000), 0), 0)"
"((((0.9085, 33.9805), -100000), 3.141592653589793), 0)"
"((((0.8773, 20.6193), -100000), 0), 0)"
"((((0.9319, 82.9422), 40000), 0), 0)"
"((((0.9319, 82.9422), 40000), -3.141592653589793), 0)"
"((((0.9553, 117.8789), -100000), 0), 0)"
"((((0.9943, 117.8789), -60000), 0), 0)"
"((((0.9943, 117.8789), -60000), 3.141592653589793), 0)"
"((((0.9709, 82.9422), 60000), -3.141592653589793), 0)"
"((((1.0099, 117.8789), 80000), 20), 0)"
"((((1.5091, 54.5179), -100000), 0), 0)"
"((((1.5247, 20.6193), -100000), 0), 0)"
"((((1.5091, 20.6193), -100000), 0), 0)"
"((((1.1035, 82.9422), -100000), 0), 0)"
"((((1.0879, 54.5179), -80000), 0), 0)"
"((((1.0879, 54.5179), -80000), -20), 0)"
"((((1.1737, 157.9964), 100000), 0), 0)"
"((((1.0801, 157.9964), 60000), 0), 0)"
"((((1.1581, 157.9964), 60000), 20), 0)"
"((((1.4935, 33.9805), 100000), 0), 0)"
"((((1.3453, 82.9422), -80000), 0), 0)"
"((((1.3453, 82.9422), -80000), -20), 0)"
"((((1.4311, 157.9964), -40000), 0), 0)"
"((((1.4311, 157.9964), -40000), -20), 0)"
"((((0.9163, 54.5179), -60000), 3.141592653589793), 0)"
"((((0.9163, 54.5179), -60000), -20), 0)"
"((((0.8461, 10.7373), 80000), -3.141592653589793), 0)"
"((((1.0567, 117.8789), 80000), 0), 0)"
"((((1.0567, 117.8789), 80000), 20), 0)"
"((((1.1425, 117.8789), 100000), -3.141592653589793), 0)"
"((((1.2907, 157.9964), 60000), -3.141592653589793), 0)"
"((((1.2907, 157.9964), 60000), 20), 0)"
"((((1.4155, 33.9805), 80000), 0), 0)"
"((((1.1035, 54.5179), -80000), 3.141592653589793), 0)"
"((((1.1191, 117.8789), 100000), -3.141592653589793), 0)"
"((((1.0177, 117.8789), -40000), 0), 0)"
"((((1.0177, 117.8789), -40000), 3.141592653589793), 0)"
"((((1.1269, 157.9964), 100000), 0), 0)"
"((((1.1659, 82.9422), 80000), -3.141592653589793), 0)"
"((((1.1659, 82.9422), 80000), 20), 0)"
"((((1.4935, 33.9805), 60000), -3.141592653589793), 0)"
"((((1.1815, 198.8483), 80000), -3.141592653589793), 0)"
"((((1.1581, 157.9964), -100000), 0), 0)"
"((((1.4311, 157.9964), 40000), 0), 0)"
"((((1.2829, 198.8483), -80000), 0), 0)"
"((((0.9085, 33.9805), 100000), 0), 0)"
"((((0.8929, 117.8789), -60000), 0), 0)"
"((((0.8929, 117.8789), -60000), -20), 0)"
"((((0.9865, 117.8789), 100000), 0), 0)"
"((((1.0021, 157.9964), 60000), 0), 0)"
"((((1.0021, 157.9964), 60000), -3.141592653589793), 0)"
"((((1.1425, 117.8789), -80000), 3.141592653589793), 0)"
"((((1.1425, 117.8789), -80000), -20), 0)"
"((((1.3921, 198.8483), -80000), -20), 0)"
"((((1.4623, 54.5179), 60000), -3.141592653589793), 0)"
"((((1.3609, 82.9422), -80000), 3.141592653589793), 0)"
"((((1.3687, 117.8789), -100000), 3.141592653589793), 0)"
"((((1.1815, 82.9422), -80000), 0), 0)"
"((((1.1815, 82.9422), -80000), -20), 0)"
"((((1.1035, 54.5179), -100000), 3.141592653589793), 0)"
"((((1.1971, 82.9422), -100000), 0), 0)"
"((((1.4701, 198.8483), -100000), 0), 0)"
"((((0.8773, 54.5179), 80000), 0), 0)"
"((((0.8773, 54.5179), 80000), -3.141592653589793), 0)"
"((((0.8539, 20.6193), 100000), 0), 0)"
"((((0.9475, 157.9964), 80000), 0), 0)"
"((((0.9475, 157.9964), 80000), -3.141592653589793), 0)"
"((((1.1113, 198.8483), -80000), -20), 0)"
"((((1.3219, 54.5179), -100000), 3.141592653589793), 0)"
"((((1.4857, 198.8483), -80000), 0), 0)"
"((((1.4857, 198.8483), -80000), -20), 0)"
"((((1.4623, 82.9422), -100000), 0), 0)"
"((((1.3765, 157.9964), -60000), -20), 0)"
"((((1.2907, 54.5179), -80000), 0), 0)"
"((((1.2907, 54.5179), -80000), 3.141592653589793), 0)"
"((((0.8773, 82.9422), 80000), 0), 0)"
"((((1.0567, 33.9805), 100000), -3.141592653589793), 0)"
"((((1.0021, 198.8483), -100000), 0), 0)"
"((((1.2829, 117.8789), -100000), 3.141592653589793), 0)"
"((((1.5403, 33.9805), -100000), 0), 0)"
"((((1.5247, 20.6193), 80000), 0), 0)"
"((((1.3609, 157.9964), -80000), 3.141592653589793), 0)"
"((((1.3609, 157.9964), -80000), -20), 0)"
"((((0.9631, 198.8483), 80000), 0), 0)"
"((((0.9475, 157.9964), -80000), 0), 0)"
"((((0.9475, 157.9964), -80000), -20), 0)"
"((((1.2829, 117.8789), 80000), 0), 0)"
"((((1.2829, 117.8789), 80000), 20), 0)"
"((((1.5325, 157.9964), -60000), 0), 0)"
"((((1.5325, 157.9964), -60000), -20), 0)"
"((((1.3765, 82.9422), -80000), -20), 0)"
"((((1.3297, 157.9964), -60000), -20), 0)"
"((((0.8539, 20.6193), -80000), 3.141592653589793), 0)"
"((((1.0333, 82.9422), -80000), 0), 0)"
"((((0.9475, 54.5179), -100000), 3.141592653589793), 0)"
"((((0.9397, 157.9964), -80000), 3.141592653589793), 0)"
"((((0.9397, 157.9964), -80000), -20), 0)"
"((((0.9631, 33.9805), -100000), 3.141592653589793), 0)"
"((((1.0021, 33.9805), -80000), 3.141592653589793), 0)"
"((((1.0177, 33.9805), -100000), 0), 0)"
"((((1.0099, 117.8789), -40000), 0), 0)"
"((((1.0099, 117.8789), -40000), 3.141592653589793), 0)"
"((((0.9943, 54.5179), -80000), 3.141592653589793), 0)"
"((((1.1971, 157.9964), -100000), 3.141592653589793), 0)"
"((((1.0723, 82.9422), 60000), 0), 0)"
"((((1.5169, 33.9805), -40000), 0), 0)"
"((((1.3297, 157.9964), -80000), 0), 0)"
"((((1.3297, 157.9964), -80000), -20), 0)"
"((((1.4623, 198.8483), 100000), -3.141592653589793), 0)"
"((((0.8695, 54.5179), 80000), -3.141592653589793), 0)"
"((((0.8695, 54.5179), 80000), 20), 0)"
"((((0.8695, 20.6193), 80000), 20), 0)"
"((((1.0411, 117.8789), -60000), 3.141592653589793), 0)"
"((((1.0411, 117.8789), -60000), -20), 0)"
"((((1.1659, 117.8789), 80000), -3.141592653589793), 0)"
"((((1.2829, 117.8789), 60000), 20), 0)"
"((((1.2985, 157.9964), 80000), 0), 0)"
"((((1.3687, 82.9422), -80000), 0), 0)"
"((((1.2439, 157.9964), -100000), 0), 0)"
"((((1.1503, 157.9964), 100000), -3.141592653589793), 0)"
"((((1.3453, 54.5179), 80000), -3.141592653589793), 0)"
"((((1.1191, 157.9964), 100000), 0), 0)"
"((((0.9319, 82.9422), 100000), 0), 0)"
"((((1.0021, 198.8483), -60000), 3.141592653589793), 0)"
"((((1.5013, 198.8483), 60000), -3.141592653589793), 0)"
"((((1.5247, 20.6193), 100000), 0), 0)"
"((((1.1581, 82.9422), 80000), 0), 0)"
"((((1.1581, 82.9422), 80000), -3.141592653589793), 0)"
"((((1.3453, 157.9964), -80000), 0), 0)"
"((((1.3453, 157.9964), -80000), 3.141592653589793), 0)"
"((((0.9319, 82.9422), 80000), -3.141592653589793), 0)"
"((((0.9787, 54.5179), -100000), 3.141592653589793), 0)"
"((((1.0489, 198.8483), -100000), 0), 0)"
"((((1.1815, 33.9805), 80000), 20), 0)"
"((((1.4701, 54.5179), 60000), -3.141592653589793), 0)"
"((((1.3765, 117.8789), -60000), 3.141592653589793), 0)"
"((((1.1035, 117.8789), 80000), 0), 0)"
"((((1.3141, 198.8483), -80000), 0), 0)"
"((((1.3141, 198.8483), -80000), 3.141592653589793), 0)"
"((((1.2517, 157.9964), 80000), 0), 0)"
"((((1.2517, 157.9964), 80000), 20), 0)"
"((((1.4311, 157.9964), 80000), 0), 0)"
"((((1.4311, 157.9964), 80000), 20), 0)"
"((((0.9163, 54.5179), 80000), -3.141592653589793), 0)"
"((((0.9787, 82.9422), -100000), 3.141592653589793), 0)"
"((((1.0489, 198.8483), 80000), 0), 0)"
"((((0.9475, 198.8483), -60000), -20), 0)"
"((((1.0645, 198.8483), -80000), -20), 0)"
"((((1.5013, 82.9422), 60000), 0), 0)"
"((((1.5013, 82.9422), 60000), 20), 0)"
"((((1.5091, 20.6193), 80000), 0), 0)"
"((((1.5091, 20.6193), 80000), -3.141592653589793), 0)"
"((((1.3765, 198.8483), -100000), 3.141592653589793), 0)"
"((((0.9631, 82.9422), 20000), 0), 0)"
"((((1.2985, 117.8789), -100000), 0), 0)"
"((((0.9865, 82.9422), -80000), 0), 0)"
"((((0.9865, 82.9422), -80000), -20), 0)"
"((((1.5247, 54.5179), -40000), 0), 0)"
"((((1.5247, 54.5179), -40000), -20), 0)"
"((((1.5325, 20.6193), 40000), -3.141592653589793), 0)"
"((((1.5325, 20.6193), 40000), 20), 0)"
"((((1.4155, 54.5179), -100000), 3.141592653589793), 0)"
"((((1.1971, 54.5179), -100000), 3.141592653589793), 0)"
"((((1.1737, 54.5179), 100000), -3.141592653589793), 0)"
"((((1.1347, 82.9422), 100000), -3.141592653589793), 0)"
"((((0.8695, 198.8483), 80000), -3.141592653589793), 0)"
"((((0.8695, 198.8483), 80000), 20), 0)"
"((((1.0177, 157.9964), -80000), 3.141592653589793), 0)"
"((((1.0177, 157.9964), -80000), -20), 0)"
"((((1.2517, 117.8789), 60000), 20), 0)"
"((((1.5325, 54.5179), -100000), 0), 0)"
"((((0.9787, 54.5179), 80000), -3.141592653589793), 0)"
"((((1.5715, 33.9805), -80000), -20), 0)"
"((((1.1113, 157.9964), 60000), 20), 0)"
"((((1.2283, 54.5179), 80000), 0), 0)"
"((((1.0255, 198.8483), -80000), -20), 0)"
"((((0.9553, 198.8483), -80000), 0), 0)"
"((((1.0099, 117.8789), 100000), 0), 0)"
"((((1.3453, 157.9964), -40000), -20), 0)"
"((((1.0333, 20.6193), -80000), -20), 0)"
"((((1.1425, 157.9964), 100000), 0), 0)"
"((((1.3297, 198.8483), 60000), 20), 0)"
"((((0.9631, 198.8483), -80000), 0), 0)"
"((((0.9631, 198.8483), -80000), -20), 0)"
"((((1.2517, 117.8789), -100000), 0), 0)"
"((((1.0333, 82.9422), 80000), 0), 0)"
"((((1.0333, 82.9422), 80000), -3.141592653589793), 0)"
"((((1.2439, 117.8789), -100000), 0), 0)"
"((((0.8929, 54.5179), 60000), 0), 0)"
"((((1.2361, 117.8789), -80000), -20), 0)"
"((((1.4701, 20.6193), 80000), 0), 0)"
"((((1.0645, 117.8789), 80000), -3.141592653589793), 0)"
"((((1.0645, 117.8789), 80000), 20), 0)"
"((((1.3453, 54.5179), 60000), 0), 0)"
"((((1.0489, 20.6193), 80000), 20), 0)"
"((((1.5325, 157.9964), -80000), 0), 0)"
"((((1.5325, 157.9964), -80000), 3.141592653589793), 0)"
"((((1.3921, 54.5179), 100000), -3.141592653589793), 0)"
"((((1.4311, 157.9964), 100000), 0), 0)"
"((((0.8305, 33.9805), 100000), 0), 0)"
"((((0.9397, 82.9422), 80000), -3.141592653589793), 0)"
"((((0.8305, 20.6193), -100000), 0), 0)"
"((((0.9943, 198.8483), -60000), 0), 0)"
"((((0.9943, 198.8483), -60000), 3.141592653589793), 0)"
"((((0.8929, 117.8789), -100000), 0), 0)"
"((((0.9163, 198.8483), 60000), 20), 0)"
"((((1.0099, 82.9422), 40000), 0), 0)"
"((((1.3999, 198.8483), -80000), 0), 0)"
"((((1.3999, 198.8483), -80000), 3.141592653589793), 0)"
"((((1.4155, 117.8789), -100000), 3.141592653589793), 0)"
"((((0.8773, 54.5179), -100000), 3.141592653589793), 0)"
"((((1.0567, 117.8789), -80000), -20), 0)"
"((((1.4701, 82.9422), -80000), 0), 0)"
"((((0.9865, 82.9422), 100000), -3.141592653589793), 0)"
"((((1.4779, 82.9422), 40000), 0), 0)"
"((((1.2049, 157.9964), -80000), 3.141592653589793), 0)"
"((((1.2049, 157.9964), -80000), -20), 0)"
"((((1.5403, 82.9422), -80000), 0), 0)"
"((((1.5403, 82.9422), -80000), -20), 0)"
"((((1.0255, 117.8789), -100000), 0), 0)"
"((((1.5013, 82.9422), -80000), 0), 0)"
"((((1.5013, 82.9422), -80000), -20), 0)"
"((((1.4155, 117.8789), 80000), 0), 0)"
"((((1.2751, 198.8483), 80000), -3.141592653589793), 0)"
"((((0.9319, 198.8483), -60000), 0), 0)"
"((((0.9319, 198.8483), -60000), -20), 0)"
"((((1.5013, 33.9805), -80000), 3.141592653589793), 0)"
"((((0.9787, 82.9422), -60000), -20), 0)"
"((((1.1893, 54.5179), -100000), 0), 0)"
"((((1.5169, 117.8789), 40000), 0), 0)"
"((((1.5169, 117.8789), 40000), -3.141592653589793), 0)"
"((((1.4467, 117.8789), -80000), 3.141592653589793), 0)"
"((((1.3531, 198.8483), -100000), 3.141592653589793), 0)"
"((((0.9475, 157.9964), -60000), 0), 0)"
"((((0.9475, 157.9964), -60000), 3.141592653589793), 0)"
"((((1.3609, 157.9964), 40000), 0), 0)"
"((((1.3609, 157.9964), 40000), 20), 0)"
"((((1.2751, 117.8789), -60000), 3.141592653589793), 0)"
"((((1.3375, 82.9422), 80000), 0), 0)"
"((((1.3375, 82.9422), 80000), -3.141592653589793), 0)"
"((((1.4545, 117.8789), 60000), 0), 0)"
"((((1.4545, 117.8789), 60000), -3.141592653589793), 0)"
"((((1.4467, 157.9964), -80000), 3.141592653589793), 0)"
"((((1.3063, 198.8483), 60000), -3.141592653589793), 0)"
"((((1.2595, 157.9964), -80000), -20), 0)"
"((((1.1503, 198.8483), 100000), -3.141592653589793), 0)"
"((((1.1191, 82.9422), 100000), -3.141592653589793), 0)"
"((((1.3219, 117.8789), 80000), 20), 0)"
"((((1.0879, 157.9964), 40000), -3.141592653589793), 0)"
"((((1.1035, 157.9964), -100000), 0), 0)"
"((((1.3765, 117.8789), 100000), -3.141592653589793), 0)"
"((((1.3141, 198.8483), 60000), 20), 0)"
"((((1.3609, 198.8483), 80000), 0), 0)"
"((((1.3609, 198.8483), 80000), 20), 0)"
"((((1.2517, 33.9805), 80000), 20), 0)"
"((((1.2907, 54.5179), 80000), 20), 0)"
"((((1.4389, 82.9422), -60000), 0), 0)"
"((((1.5871, 198.8483), 60000), 0), 0)"
"((((1.5871, 198.8483), 60000), 20), 0)"
"((((1.5715, 54.5179), 60000), 0), 0)"
"((((1.5715, 54.5179), 60000), -3.141592653589793), 0.0)"
"((((1.5715, 54.5179), 60000), 20), 0)"
"((((1.5481, 117.8789), 40000), 0), 0)"
"((((1.5559, 54.5179), 80000), 0), 0)"
"((((1.5637, 117.8789), -40000), -20), 0)"
"((((1.5325, 33.9805), 40000), 0), 0)"
"((((1.4779, 157.9964), -60000), 0), 0)"
"((((1.4779, 198.8483), 100000), -3.141592653589793), 0)"
"((((1.4701, 20.6193), 100000), 0), 0)"
"((((1.4935, 54.5179), 40000), 20), 0)"
"((((1.3453, 198.8483), 60000), -3.141592653589793), 0)"
"((((1.2751, 157.9964), 40000), -3.141592653589793), 0)"
"((((1.2517, 157.9964), -80000), 3.141592653589793), 0)"
"((((1.2517, 157.9964), -80000), -20), 0)"
"((((1.1113, 157.9964), 100000), -3.141592653589793), 0)"
"((((1.0177, 54.5179), 80000), 20), 0)"
"((((0.9709, 82.9422), -80000), 3.141592653589793), 0)"
"((((0.9007, 198.8483), -80000), 0), 0)"
"((((0.9007, 198.8483), -80000), -20), 0)"
"((((0.9007, 54.5179), -80000), -20), 0)"
"((((0.8617, 20.6193), 80000), 20), 0)"
"((((0.8539, 33.9805), 80000), 0), 0)"
"((((0.8461, 54.5179), -20000), 3.141592653589793), 0)"
"((((0.8383, 82.9422), -60000), 3.141592653589793), 0)"
"((((0.8305, 82.9422), -60000), 0), 0)"
"((((0.9085, 82.9422), -40000), -20), 0)"
"((((0.9085, 54.5179), -60000), 3.141592653589793), 0)"
"((((0.9709, 33.9805), 100000), 0), 0)"
"((((0.9943, 198.8483), 80000), -3.141592653589793), 0)"
"((((0.9943, 198.8483), 80000), 20), 0)"
"((((1.0177, 33.9805), 60000), -3.141592653589793), 0)"
"((((1.0177, 33.9805), 60000), 20), 0)"
"((((1.1035, 82.9422), 80000), 0), 0)"
"((((1.1035, 82.9422), 80000), 20), 0)"
"((((1.3297, 54.5179), 80000), 20), 0)"
"((((1.3375, 198.8483), -100000), 0), 0)"
"((((1.1581, 82.9422), 100000), -3.141592653589793), 0)"
"((((1.2907, 117.8789), 60000), -3.141592653589793), 0)"
"((((1.1971, 198.8483), 80000), 0), 0)"
"((((1.3687, 82.9422), 100000), 0), 0)"
"((((1.3687, 54.5179), 60000), 20), 0)"
"((((1.0567, 157.9964), 60000), 0), 0)"
"((((1.2439, 117.8789), 80000), 0), 0)"
"((((1.2439, 117.8789), 80000), 20), 0)"
"((((1.1347, 117.8789), 60000), -3.141592653589793), 0)"
"((((1.0333, 198.8483), 80000), 20), 0)"
"((((1.4077, 33.9805), -80000), 3.141592653589793), 0)"
"((((1.4077, 33.9805), -80000), -20), 0)"
"((((1.3687, 198.8483), 60000), -3.141592653589793), 0)"
"((((1.3609, 198.8483), -60000), 3.141592653589793), 0)"
"((((1.3609, 198.8483), -60000), -20), 0)"
"((((1.4155, 33.9805), 100000), 0), 0)"
"((((1.5169, 54.5179), -100000), 3.141592653589793), 0)"
"((((1.5091, 33.9805), 40000), 0), 0)"
"((((1.4077, 54.5179), 40000), 20), 0)"
"((((1.5715, 20.6193), -80000), 3.141592653589793), 0)"
"((((1.5637, 33.9805), 80000), 0), 0)"
"((((1.5559, 54.5179), 60000), -3.141592653589793), 0)"
"((((1.5559, 157.9964), 80000), 0), 0)"
"((((1.5559, 157.9964), 80000), -3.141592653589793), 0)"
"((((1.5871, 54.5179), 80000), 0), 0)"
"((((1.5871, 54.5179), 80000), 20), 0)"
"((((1.5793, 54.5179), -80000), 0), 0)"
"((((1.5793, 54.5179), -80000), -20), 0)"
"((((1.5481, 82.9422), 60000), -3.141592653589793), 0)"
"((((1.5481, 82.9422), 60000), 20), 0)"
"((((1.5793, 117.8789), 60000), 0), 0)"
"((((1.5637, 117.8789), 80000), 0), 0)"
"((((1.5403, 20.6193), 40000), 0), 0)"
"((((1.5325, 33.9805), 60000), 20), 0)"
"((((1.3765, 82.9422), 80000), 0), 0)"
"((((1.2595, 157.9964), 100000), 0), 0)"
"((((1.2829, 157.9964), 80000), 0), 0)"
"((((1.0879, 157.9964), 100000), -3.141592653589793), 0)"
"((((1.0801, 82.9422), 100000), 0), 0)"
"((((0.9709, 20.6193), 80000), 0), 0)"
"((((1.0099, 82.9422), -80000), 0), 0)"
"((((1.0099, 82.9422), -80000), 3.141592653589793), 0)"
"((((0.9709, 82.9422), -60000), 3.141592653589793), 0)"
"((((0.9709, 82.9422), -60000), -20), 0)"
"((((0.8773, 117.8789), 20000), 0), 0)"
"((((0.8539, 54.5179), -80000), 0), 0)"
"((((0.8539, 54.5179), -80000), -20), 0)"
"((((0.8461, 33.9805), -40000), 0), 0)"
"((((0.8461, 54.5179), 40000), 0), 0)"
"((((0.8461, 82.9422), -40000), 0), 0)"
"((((0.8305, 82.9422), 20000), -3.141592653589793), 0.0)"
"((((0.8305, 82.9422), 20000), 20), 0)"
"((((1.0645, 82.9422), 60000), 0), 0)"
"((((1.0957, 198.8483), 100000), -3.141592653589793), 0)"
"((((1.3297, 82.9422), 100000), -3.141592653589793), 0)"
"((((1.4311, 54.5179), 40000), -3.141592653589793), 0)"
"((((1.4467, 20.6193), 80000), -3.141592653589793), 0)"
"((((1.3999, 54.5179), -60000), -20), 0)"
"((((1.2907, 82.9422), -80000), 3.141592653589793), 0)"
"((((1.1815, 198.8483), 100000), -3.141592653589793), 0)"
"((((1.3921, 198.8483), -100000), 3.141592653589793), 0)"
"((((1.3297, 82.9422), -40000), 3.141592653589793), 0)"
"((((1.3375, 157.9964), -80000), 0), 0)"
"((((1.3063, 117.8789), 60000), 20), 0)"
"((((1.1971, 117.8789), 80000), 0), 0)"
"((((1.0489, 117.8789), -60000), 0), 0)"
"((((1.0333, 33.9805), 80000), 20), 0)"
"((((1.0489, 82.9422), -80000), 0), 0)"
"((((1.1581, 117.8789), -60000), 0), 0)"
"((((1.2361, 117.8789), 100000), -3.141592653589793), 0)"
"((((1.0177, 82.9422), -60000), 0), 0)"
"((((0.9631, 198.8483), -100000), 0), 0)"
"((((0.9865, 157.9964), -60000), 0), 0)"
"((((1.0567, 20.6193), -80000), 3.141592653589793), 0)"
"((((1.0489, 82.9422), -100000), 0), 0)"
"((((1.2673, 54.5179), -80000), 0), 0)"
"((((1.2907, 117.8789), 80000), 0), 0)"
"((((1.2907, 117.8789), 80000), -3.141592653589793), 0)"
"((((1.4389, 117.8789), 20000), 20), 0)"
"((((1.3375, 157.9964), 40000), 0), 0)"
"((((1.3609, 198.8483), 100000), -3.141592653589793), 0)"
"((((1.4077, 117.8789), 60000), 0), 0)"
"((((1.4077, 117.8789), 60000), 20), 0)"
"((((1.3531, 33.9805), -80000), 0), 0)"
"((((1.3063, 157.9964), -80000), 3.141592653589793), 0)"
"((((1.5325, 82.9422), 60000), 20), 0)"
"((((1.5949, 10.7373), -20000), 0), 0)"
"((((1.5481, 33.9805), -60000), 0), 0)"
"((((1.5559, 157.9964), 60000), -3.141592653589793), 0)"
"((((1.5559, 157.9964), 60000), 20), 0)"
"((((1.5949, 33.9805), -60000), -20), 0)"
"((((1.5949, 33.9805), 80000), 0), 0)"
"((((1.5949, 33.9805), 80000), 20), 0)"
"((((1.5481, 82.9422), 20000), 0), 0)"
"((((1.3375, 117.8789), -100000), 3.141592653589793), 0)"
"((((1.0021, 82.9422), 80000), 20), 0)"
"((((0.8773, 20.6193), -80000), 0), 0)"
"((((0.8773, 20.6193), -80000), 3.141592653589793), 0)"
"((((0.8851, 33.9805), -40000), -20), 0)"
"((((0.8617, 33.9805), 60000), 20), 0)"
"((((0.9163, 198.8483), -80000), 3.141592653589793), 0)"
"((((0.9163, 198.8483), -80000), -20), 0)"
"((((0.9007, 33.9805), -60000), 3.141592653589793), 0)"
"((((0.9397, 117.8789), 20000), 0), 0)"
"((((1.2751, 157.9964), -40000), 0), 0)"
"((((1.4311, 54.5179), -60000), -20), 0)"
"((((1.1971, 117.8789), -80000), 0), 0)"
"((((1.2673, 117.8789), 60000), -3.141592653589793), 0)"
"((((1.2205, 82.9422), -100000), 3.141592653589793), 0)"
"((((1.0567, 157.9964), -60000), -20), 0)"
"((((1.0879, 117.8789), 60000), 20), 0)"
"((((1.0567, 82.9422), 60000), -3.141592653589793), 0)"
"((((1.0489, 82.9422), 80000), 0), 0)"
"((((1.1191, 117.8789), -60000), -20), 0)"
"((((1.1269, 82.9422), -80000), 3.141592653589793), 0)"
"((((0.9319, 33.9805), -80000), 0), 0)"
"((((0.9319, 33.9805), -80000), 3.141592653589793), 0)"
"((((1.2517, 82.9422), 60000), -3.141592653589793), 0)"
"((((1.4389, 157.9964), 40000), 0), 0)"
"((((1.4389, 157.9964), 40000), 20), 0)"
"((((1.4155, 82.9422), -80000), 0), 0)"
"((((1.4155, 82.9422), -80000), 3.141592653589793), 0)"
"((((1.4155, 82.9422), 40000), 0), 0)"
"((((1.4155, 82.9422), 40000), 20), 0)"
"((((1.4077, 82.9422), 80000), 20), 0)"
"((((1.4389, 82.9422), 60000), 0), 0)"
"((((1.5481, 33.9805), 80000), 20), 0)"
"((((1.5715, 10.7373), -60000), 0), 0)"
"((((1.5871, 198.8483), -40000), 3.141592653589793), 0)"
"((((1.5559, 20.6193), 60000), -3.141592653589793), 0)"
"((((1.5715, 54.5179), 80000), 0), 0)"
"((((1.5715, 54.5179), 80000), -3.141592653589793), 0)"
"((((1.5793, 33.9805), 100000), 0), 0)"
"((((1.5481, 117.8789), -40000), -20), 0)"
"((((1.5559, 157.9964), -80000), 3.141592653589793), 0)"
"((((1.5559, 157.9964), -80000), -20), 0)"
"((((1.5637, 10.7373), -60000), -20), 0)"
"((((1.5871, 54.5179), -40000), -20), 0)"
"((((1.5481, 82.9422), 40000), -3.141592653589793), 0)"
"((((1.5481, 82.9422), 40000), 20), 0)"
"((((1.5403, 20.6193), 60000), 0), 0)"
"((((1.5403, 20.6193), 60000), 20), 0)"
"((((1.4779, 157.9964), 40000), 0), 0)"
"((((1.4779, 157.9964), 40000), 20), 0)"
"((((1.4467, 54.5179), 40000), 0), 0)"
"((((1.2907, 82.9422), 100000), 0), 0)"
"((((1.3375, 117.8789), 80000), 20), 0)"
"((((0.8773, 198.8483), 20000), 0), 0)"
"((((0.9163, 33.9805), -80000), 3.141592653589793), 0)"
"((((0.8461, 33.9805), 60000), 20), 0)"
"((((0.8305, 82.9422), 60000), 20), 0)"
"((((0.9007, 198.8483), 40000), -3.141592653589793), 0)"
"((((0.9085, 54.5179), 100000), 0), 0)"
"((((0.9397, 117.8789), 60000), 0), 0)"
"((((0.9397, 117.8789), 60000), 20), 0)"
"((((0.9943, 198.8483), 60000), -3.141592653589793), 0)"
"((((1.0411, 198.8483), -100000), 3.141592653589793), 0)"
"((((1.0801, 82.9422), -100000), 3.141592653589793), 0)"
"((((1.1503, 157.9964), 80000), 20), 0)"
"((((1.2907, 117.8789), -80000), 0), 0)"
"((((1.2907, 117.8789), -80000), -20), 0)"
"((((1.0489, 117.8789), -80000), -20), 0)"
"((((1.0567, 117.8789), -60000), 3.141592653589793), 0)"
"((((1.0411, 82.9422), -80000), 0), 0)"
"((((1.0411, 82.9422), -80000), 3.141592653589793), 0)"
"((((1.1581, 117.8789), 40000), -3.141592653589793), 0)"
"((((1.1035, 157.9964), 60000), 0), 0)"
"((((1.1269, 117.8789), -80000), 0), 0)"
"((((1.2439, 117.8789), 100000), -3.141592653589793), 0)"
"((((1.2517, 82.9422), 100000), 0), 0)"
"((((1.2283, 157.9964), 60000), -3.141592653589793), 0)"
"((((1.0333, 157.9964), 60000), 0), 0)"
"((((1.0333, 157.9964), 60000), 20), 0)"
"((((1.0255, 82.9422), 40000), 0), 0)"
"((((1.0177, 82.9422), 60000), 0), 0)"
"((((0.9865, 157.9964), 80000), 0), 0)"
"((((0.9865, 157.9964), 80000), -3.141592653589793), 0)"
"((((0.9709, 54.5179), -80000), 0), 0)"
"((((1.3531, 117.8789), 100000), -3.141592653589793), 0)"
"((((1.4233, 82.9422), -80000), 3.141592653589793), 0)"
"((((1.4233, 82.9422), -80000), -20), 0)"
"((((1.3765, 54.5179), 80000), -3.141592653589793), 0)"
"((((1.3375, 157.9964), 60000), 0), 0)"
"((((1.3375, 157.9964), 60000), 20), 0)"
"((((1.4077, 157.9964), 80000), 0), 0)"
"((((1.4077, 157.9964), 80000), 20), 0)"
"((((1.3453, 20.6193), 100000), 0), 0)"
"((((1.5637, 54.5179), 80000), 20), 0)"
"((((1.5949, 10.7373), -40000), 3.141592653589793), 0)"
"((((1.5793, 10.7373), 40000), -3.141592653589793), 0)"
"((((1.5559, 20.6193), 80000), 0), 0)"
"((((1.5871, 54.5179), -80000), 0), 0)"
"((((1.5871, 54.5179), -80000), 3.141592653589793), 0)"
"((((1.4779, 157.9964), 20000), -3.141592653589793), 0)"
"((((1.4779, 198.8483), -40000), -20), 0)"
"((((1.3375, 82.9422), 100000), 0), 0)"
"((((0.9787, 157.9964), 100000), -3.141592653589793), 0)"
"((((0.8773, 198.8483), 40000), 0), 0)"
"((((0.8773, 198.8483), 40000), 20), 0)"
"((((0.9085, 33.9805), -60000), -20), 0)"
"((((0.9007, 82.9422), 80000), 0), 0)"
"((((0.8773, 33.9805), -60000), -20), 0)"
"((((0.8539, 33.9805), -40000), 3.141592653589793), 0)"
"((((0.8929, 54.5179), -100000), 3.141592653589793), 0)"
"((((0.9007, 33.9805), -100000), 0), 0)"
"((((0.8461, 82.9422), -60000), 0), 0)"
"((((0.8461, 82.9422), -60000), -20), 0)"
"((((0.8539, 117.8789), -80000), 0), 0)"
"((((0.8617, 198.8483), 40000), 0), 0)"
"((((0.9007, 198.8483), 80000), -3.141592653589793), 0)"
"((((0.9007, 198.8483), 80000), 20), 0)"
"((((0.9085, 54.5179), 60000), -3.141592653589793), 0)"
"((((1.1035, 82.9422), -80000), 0), 0)"
"((((1.1815, 157.9964), -80000), 3.141592653589793), 0)"
"((((1.2829, 82.9422), 100000), 0), 0)"
"((((1.2283, 157.9964), -80000), -20), 0)"
"((((1.3063, 157.9964), -100000), 0), 0)"
"((((1.4233, 117.8789), 100000), -3.141592653589793), 0)"
"((((1.3843, 198.8483), -100000), 0), 0)"
"((((1.3999, 54.5179), -80000), -20), 0)"
"((((1.3375, 157.9964), -60000), -20), 0)"
"((((1.1035, 157.9964), 40000), -3.141592653589793), 0)"
"((((1.0567, 82.9422), -60000), -20), 0)"
"((((1.1815, 117.8789), -80000), 3.141592653589793), 0)"
"((((1.1737, 82.9422), -100000), 0), 0)"
"((((1.1425, 54.5179), 80000), 0), 0)"
"((((1.4233, 54.5179), 60000), 0), 0)"
"((((1.4233, 54.5179), 60000), 20), 0)"
"((((1.4389, 157.9964), 60000), 0), 0)"
"((((1.4389, 157.9964), 60000), -3.141592653589793), 0)"
"((((1.3609, 198.8483), 20000), 0), 0)"
"((((1.5091, 33.9805), 60000), 20), 0)"
"((((1.5013, 20.6193), 80000), -3.141592653589793), 0)"
"((((1.5013, 20.6193), 80000), 20), 0)"
"((((1.5091, 33.9805), 80000), 20), 0)"
"((((1.3921, 82.9422), 100000), -3.141592653589793), 0)"
"((((1.2829, 157.9964), -60000), 3.141592653589793), 0)"
"((((1.6027, 54.5179), 40000), 20), 0)"
"((((1.5871, 33.9805), -60000), 0), 0)"
"((((1.5637, 33.9805), -80000), 0), 0)"
"((((1.5871, 10.7373), -40000), 3.141592653589793), 0)"
"((((1.5793, 20.6193), -100000), 3.141592653589793), 0)"
"((((1.5871, 54.5179), -100000), 0), 0)"
"((((1.2205, 157.9964), 80000), -3.141592653589793), 0)"
"((((1.3453, 54.5179), 100000), 0), 0)"
"((((1.0723, 157.9964), -100000), 0), 0)"
"((((0.8383, 10.7373), 60000), -3.141592653589793), 0)"
"((((0.8539, 33.9805), -60000), 0), 0)"
"((((0.8851, 33.9805), 60000), 0), 0)"
"((((0.8851, 33.9805), 60000), -3.141592653589793), 0)"
"((((0.8383, 20.6193), 40000), -3.141592653589793), 0)"
"((((0.8383, 20.6193), 40000), 20), 0)"
"((((1.0879, 82.9422), 60000), -3.141592653589793), 0)"
"((((1.2907, 198.8483), 80000), -3.141592653589793), 0)"
"((((1.2829, 54.5179), 80000), 20), 0)"
"((((1.1971, 198.8483), -100000), 0), 0)"
"((((1.1815, 117.8789), -100000), 3.141592653589793), 0)"
"((((1.3999, 54.5179), 80000), -3.141592653589793), 0)"
"((((1.3843, 82.9422), 100000), 0), 0)"
"((((1.3141, 117.8789), 80000), 20), 0)"
"((((1.0411, 54.5179), -40000), 0), 0)"
"((((1.0411, 54.5179), -40000), -20), 0)"
"((((1.0645, 82.9422), -60000), -20), 0)"
"((((1.1503, 198.8483), -100000), 0), 0)"
"((((0.9319, 54.5179), -80000), -20), 0)"
"((((0.9709, 54.5179), 60000), 0), 0)"
"((((0.9709, 54.5179), 60000), -3.141592653589793), 0)"
"((((0.9865, 157.9964), 100000), 0), 0)"
"((((1.0645, 82.9422), 100000), 0), 0)"
"((((1.3141, 117.8789), -100000), 0), 0)"
"((((1.3063, 117.8789), 80000), 0), 0)"
"((((1.3063, 117.8789), 80000), 20), 0)"
"((((1.2751, 82.9422), -80000), -20), 0)"
"((((1.3531, 82.9422), -100000), 0), 0)"
"((((1.4467, 54.5179), 60000), 20), 0)"
"((((1.4389, 117.8789), 40000), 0), 0)"
"((((1.4389, 117.8789), 40000), 20), 0)"
"((((1.3453, 117.8789), 60000), 0), 0)"
"((((1.3453, 117.8789), 60000), -3.141592653589793), 0)"
"((((1.4389, 54.5179), 60000), 0), 0)"
"((((1.4389, 54.5179), 60000), 20), 0)"
"((((1.5169, 54.5179), 40000), 20), 0)"
"((((1.4077, 157.9964), -80000), 0), 0)"
"((((1.4077, 157.9964), -80000), 3.141592653589793), 0)"
"((((1.3999, 54.5179), -40000), 3.141592653589793), 0)"
"((((1.4311, 117.8789), 80000), 0), 0)"
"((((1.4311, 117.8789), 80000), -3.141592653589793), 0)"
"((((1.4545, 54.5179), 40000), -3.141592653589793), 0)"
"((((1.4545, 54.5179), 40000), 20), 0)"
"((((1.5949, 10.7373), -100000), 3.141592653589793), 0)"
"((((1.5871, 10.7373), -100000), 0), 0)"
"((((1.5715, 54.5179), -60000), -20), 0)"
"((((1.5481, 117.8789), 60000), -3.141592653589793), 0)"
"((((1.5481, 117.8789), 60000), 20), 0)"
"((((1.5559, 54.5179), 100000), -3.141592653589793), 0.0)"
"((((1.5793, 33.9805), 80000), 0), 0)"
"((((1.5637, 117.8789), 20000), 0), 0)"
"((((1.4779, 157.9964), -40000), 3.141592653589793), 0)"
"((((1.4935, 54.5179), -80000), 3.141592653589793), 0)"
"((((1.4935, 54.5179), -80000), -20), 0)"
"((((1.2829, 157.9964), -80000), 0), 0)"
"((((1.2829, 157.9964), -80000), 3.141592653589793), 0)"
"((((1.0723, 157.9964), 40000), 0), 0)"
"((((0.9787, 157.9964), 40000), 0), 0)"
"((((0.8851, 54.5179), -60000), 0), 0)"
"((((0.8851, 54.5179), -60000), 3.141592653589793), 0)"
"((((0.9085, 54.5179), -80000), 3.141592653589793), 0)"
"((((0.9085, 54.5179), -80000), -20), 0)"
"((((0.9709, 33.9805), 80000), 0), 0)"
"((((0.9709, 33.9805), 80000), -3.141592653589793), 0)"
"((((1.3999, 117.8789), -80000), 0), 0)"
"((((1.3999, 117.8789), -80000), 3.141592653589793), 0)"
"((((1.2985, 117.8789), 60000), 0), 0)"
"((((1.2985, 117.8789), 60000), 20), 0)"
"((((1.2907, 117.8789), 40000), 20), 0)"
"((((1.3063, 157.9964), 100000), -3.141592653589793), 0)"
"((((1.0567, 82.9422), 80000), 20), 0)"
"((((1.0957, 117.8789), -80000), -20), 0)"
"((((1.2673, 54.5179), 80000), 0), 0)"
"((((1.2673, 54.5179), 80000), -3.141592653589793), 0)"
"((((1.0177, 82.9422), 40000), -3.141592653589793), 0)"
"((((0.9865, 157.9964), -80000), -20), 0)"
"((((0.9787, 20.6193), -100000), 0), 0)"
"((((0.9709, 54.5179), 20000), 20), 0)"
"((((1.3531, 117.8789), 60000), 20), 0)"
"((((1.3063, 117.8789), -80000), 3.141592653589793), 0)"
"((((1.3063, 117.8789), -100000), 0), 0)"
"((((1.3141, 198.8483), -100000), 3.141592653589793), 0)"
"((((1.5091, 33.9805), -80000), 0), 0)"
"((((1.4311, 54.5179), 80000), -3.141592653589793), 0)"
"((((1.4077, 157.9964), -60000), 0), 0)"
"((((1.2829, 157.9964), 60000), 0), 0)"
"((((1.5637, 54.5179), 20000), -3.141592653589793), 0)"
"((((1.6027, 54.5179), 80000), -3.141592653589793), 0)"
"((((1.6027, 54.5179), 80000), 20), 0)"
"((((1.5481, 33.9805), -80000), -20), 0)"
"((((1.5481, 117.8789), -80000), 3.141592653589793), 0)"
"((((1.5481, 117.8789), -80000), -20), 0)"
"((((1.5559, 54.5179), -100000), 0), 0)"
"((((1.5793, 54.5179), -60000), -20), 0)"
"((((1.5793, 117.8789), -40000), -20), 0)"
"((((1.1737, 157.9964), -80000), 0), 0)"
"((((1.1737, 157.9964), -80000), 3.141592653589793), 0)"
"((((1.1113, 157.9964), 80000), 20), 0)"
"((((1.0879, 82.9422), 100000), 0), 0)"
"((((0.9163, 117.8789), 40000), 0), 0)"
"((((0.8851, 54.5179), -100000), 0), 0)"
"((((0.9319, 54.5179), 100000), 0), 0)"
"((((0.9007, 82.9422), -40000), 3.141592653589793), 0)"
"((((0.9007, 82.9422), -40000), -20), 0)"
"((((0.8383, 82.9422), 100000), -3.141592653589793), 0)"
"((((0.8305, 82.9422), 100000), 0), 0)"
"((((0.8617, 20.6193), 100000), -3.141592653589793), 0)"
"((((0.8539, 117.8789), 100000), -3.141592653589793), 0)"
"((((0.9085, 54.5179), 80000), 20), 0)"
"((((0.9397, 117.8789), 40000), 0), 0)"
"((((0.9397, 117.8789), 40000), 20), 0)"
"((((1.3141, 82.9422), 80000), -3.141592653589793), 0)"
"((((1.3141, 82.9422), 80000), 20), 0)"
"((((1.2595, 117.8789), 100000), 0), 0)"
"((((1.3141, 157.9964), 40000), 20), 0)"
"((((1.3063, 117.8789), 100000), 0), 0)"
"((((1.0255, 198.8483), 100000), 0), 0)"
"((((1.1581, 198.8483), 100000), 0), 0)"
"((((1.0255, 82.9422), -20000), 0), 0)"
"((((1.0801, 54.5179), 100000), 0), 0)"
"((((1.3999, 117.8789), 100000), 0), 0)"
"((((1.4389, 54.5179), 100000), -3.141592653589793), 0.0)"
"((((1.5091, 33.9805), 100000), -3.141592653589793), 0)"
"((((1.5169, 54.5179), 100000), 0), 0)"
"((((1.4155, 82.9422), -60000), 3.141592653589793), 0)"
"((((1.4311, 198.8483), 80000), -3.141592653589793), 0)"
"((((1.4545, 157.9964), 100000), -3.141592653589793), 0)"
"((((1.5871, 10.7373), 80000), 20), 0)"
"((((1.5715, 20.6193), 80000), -3.141592653589793), 0)"
"((((1.5559, 33.9805), 100000), 0), 0)"
"((((1.5559, 157.9964), -40000), 3.141592653589793), 0)"
"((((1.4779, 157.9964), 60000), 0), 0)"
"((((1.4467, 54.5179), 100000), 0), 0)"
"((((1.3921, 117.8789), 80000), 0), 0)"
"((((1.3921, 117.8789), 80000), 20), 0)"
"((((1.3375, 117.8789), 60000), 0), 0)"
"((((1.3375, 117.8789), 60000), -3.141592653589793), 0)"
"((((0.9163, 54.5179), 100000), -3.141592653589793), 0)"
"((((0.8539, 33.9805), 60000), 20), 0)"
"((((0.8461, 54.5179), -80000), 0), 0)"
"((((0.8461, 54.5179), -80000), 3.141592653589793), 0)"
"((((0.8305, 82.9422), -40000), -20), 0)"
"((((1.3531, 198.8483), 80000), 0), 0)"
"((((1.2751, 54.5179), 80000), 0), 0)"
"((((1.2673, 157.9964), -80000), -20), 0)"
"((((1.4233, 117.8789), -40000), -20), 0)"
"((((1.0567, 82.9422), -80000), -20), 0)"
"((((1.1269, 117.8789), 60000), 0), 0)"
"((((1.1269, 117.8789), 60000), -3.141592653589793), 0)"
"((((1.1269, 117.8789), 80000), 0), 0)"
"((((1.1269, 117.8789), 80000), 20), 0)"
"((((0.9865, 157.9964), 60000), 0), 0)"
"((((0.9865, 157.9964), 60000), -3.141592653589793), 0)"
"((((1.0957, 157.9964), -80000), 3.141592653589793), 0)"
"((((1.0957, 157.9964), -80000), -20), 0)"
"((((1.1269, 117.8789), -100000), 3.141592653589793), 0)"
"((((1.1191, 198.8483), -100000), 0), 0)"
"((((1.0645, 198.8483), 80000), 20), 0)"
"((((1.3531, 117.8789), -80000), 0), 0)"
"((((1.2907, 157.9964), -60000), 0), 0)"
"((((1.2907, 157.9964), -60000), -20), 0)"
"((((1.4155, 82.9422), 80000), 0), 0)"
"((((1.4155, 82.9422), 80000), 20), 0)"
"((((1.3999, 157.9964), 40000), -3.141592653589793), 0)"
"((((1.4857, 33.9805), 80000), 20), 0)"
"((((1.3687, 54.5179), 100000), -3.141592653589793), 0)"
"((((1.3063, 54.5179), 100000), -3.141592653589793), 0)"
"((((1.5559, 157.9964), 20000), 20), 0)"
"((((1.5793, 54.5179), 80000), 0), 0)"
"((((1.5793, 54.5179), 80000), 20), 0)"
"((((0.9163, 117.8789), 60000), -3.141592653589793), 0)"
"((((0.8773, 33.9805), 80000), 0), 0)"
"((((0.8773, 33.9805), -80000), 0), 0)"
"((((0.8773, 33.9805), -80000), -20), 0)"
"((((0.8539, 54.5179), -60000), 3.141592653589793), 0)"
"((((0.8695, 33.9805), -80000), 0), 0)"
"((((0.8695, 33.9805), -80000), -20), 0)"
"((((0.8539, 117.8789), 80000), 0), 0)"
"((((0.8539, 117.8789), 80000), -3.141592653589793), 0)"
"((((0.8617, 198.8483), 60000), 0), 0)"
"((((0.8617, 198.8483), 60000), 20), 0)"
"((((0.9163, 20.6193), -100000), 0), 0)"
"((((1.4311, 54.5179), 100000), -3.141592653589793), 0)"
"((((1.3375, 117.8789), 40000), 20), 0)"
"((((1.0801, 54.5179), -80000), 0), 0)"
"((((1.0801, 54.5179), -80000), 3.141592653589793), 0)"
"((((1.1035, 157.9964), -60000), -20), 0)"
"((((1.3687, 157.9964), 40000), 0), 0)"
"((((1.4467, 54.5179), 80000), 0), 0)"
"((((1.4467, 54.5179), 80000), 20), 0)"
"((((1.3453, 117.8789), 80000), -3.141592653589793), 0)"
"((((1.6027, 54.5179), 20000), 20), 0)"
"((((1.0879, 157.9964), -80000), -20), 0)"
"((((1.0879, 82.9422), 80000), 0), 0)"
"((((1.0489, 82.9422), -60000), -20), 0)"
"((((1.0099, 54.5179), 100000), 0), 0)"
"((((0.8851, 54.5179), 80000), 0), 0)"
"((((0.8851, 54.5179), 80000), 20), 0)"
"((((0.9007, 82.9422), 100000), 0), 0)"
"((((0.8695, 10.7373), -100000), 0), 0)"
"((((0.9085, 82.9422), 40000), -3.141592653589793), 0)"
"((((0.9085, 82.9422), 40000), 20), 0)"
"((((0.9007, 54.5179), 80000), 0), 0)"
"((((1.3999, 117.8789), -60000), 3.141592653589793), 0)"
"((((1.0567, 157.9964), 20000), -3.141592653589793), 0)"
"((((1.0957, 82.9422), 60000), 0), 0)"
"((((1.0333, 198.8483), -80000), 3.141592653589793), 0)"
"((((1.0333, 198.8483), -80000), -20), 0)"
"((((1.1581, 198.8483), -100000), 0), 0)"
"((((1.0333, 157.9964), -60000), 0), 0)"
"((((1.4155, 54.5179), 100000), 0), 0)"
"((((1.4233, 54.5179), -80000), 3.141592653589793), 0)"
"((((1.3843, 54.5179), 80000), -3.141592653589793), 0)"
"((((1.3843, 54.5179), 80000), 20), 0)"
"((((1.4077, 198.8483), 80000), -3.141592653589793), 0)"
"((((1.4077, 198.8483), 80000), 20), 0)"
"((((1.5559, 20.6193), 100000), -3.141592653589793), 0)"
"((((1.5715, 54.5179), 100000), 0), 0)"
"((((1.5637, 117.8789), 60000), 0), 0)"
"((((1.5637, 117.8789), 60000), -3.141592653589793), 0)"
"((((0.9787, 157.9964), 20000), -3.141592653589793), 0)"
"((((0.9865, 33.9805), -100000), 3.141592653589793), 0)"
"((((0.9709, 82.9422), -100000), 0), 0)"
"((((0.8929, 198.8483), -60000), 0), 0)"
"((((0.8929, 198.8483), -60000), 3.141592653589793), 0)"
"((((0.9007, 82.9422), -100000), 3.141592653589793), 0)"
"((((0.8539, 33.9805), -80000), 3.141592653589793), 0)"
"((((0.8461, 20.6193), -100000), 0), 0)"
"((((1.3297, 82.9422), -60000), 0), 0)"
"((((1.3297, 82.9422), -60000), -20), 0)"
"((((1.3141, 157.9964), -80000), 0), 0)"
"((((1.3141, 157.9964), -80000), 3.141592653589793), 0)"
"((((1.2283, 157.9964), 100000), 0), 0)"
"((((1.3765, 198.8483), 100000), 0), 0)"
"((((1.1659, 117.8789), -100000), 3.141592653589793), 0)"
"((((1.1581, 117.8789), 60000), 20), 0)"
"((((1.0801, 54.5179), 80000), 20), 0)"
"((((1.3687, 157.9964), -80000), 3.141592653589793), 0)"
"((((1.3999, 157.9964), -40000), 0), 0)"
"((((1.3609, 198.8483), 40000), 0), 0)"
"((((1.3609, 198.8483), 40000), -3.141592653589793), 0)"
"((((1.4389, 82.9422), 100000), 0), 0)"
"((((1.4545, 157.9964), 80000), 0), 0)"
"((((1.4545, 157.9964), 80000), -3.141592653589793), 0)"
"((((1.5871, 54.5179), 60000), -3.141592653589793), 0)"
"((((0.9007, 82.9422), 60000), 0), 0)"
"((((0.8539, 82.9422), 40000), 20), 0)"
"((((0.8383, 20.6193), -80000), 3.141592653589793), 0)"
"((((0.8383, 20.6193), -100000), 0), 0)"
"((((1.3843, 157.9964), -40000), -20), 0)"
"((((1.0723, 54.5179), -100000), 3.141592653589793), 0)"
"((((1.0723, 198.8483), -100000), 0), 0)"
"((((1.0879, 198.8483), 80000), 0), 0)"
"((((1.0879, 198.8483), 80000), -3.141592653589793), 0)"
"((((1.0333, 157.9964), -80000), 0), 0)"
"((((1.0333, 157.9964), -80000), 3.141592653589793), 0)"
"((((1.0333, 33.9805), 100000), 0), 0)"
"((((1.4389, 117.8789), -60000), 3.141592653589793), 0)"
"((((1.4389, 117.8789), -60000), -20), 0)"
"((((1.4545, 54.5179), -80000), 0), 0)"
"((((1.4935, 82.9422), 80000), 0), 0)"
"((((1.4935, 82.9422), 80000), -3.141592653589793), 0)"
"((((1.5481, 20.6193), 80000), -3.141592653589793), 0)"
"((((1.5481, 20.6193), 80000), 20), 0)"
"((((1.5481, 117.8789), 100000), -3.141592653589793), 0)"
"((((1.5403, 10.7373), 100000), -3.141592653589793), 0)"
"((((1.5793, 54.5179), -40000), 0), 0)"
"((((1.5793, 54.5179), -40000), -20), 0)"
"((((1.0723, 157.9964), 80000), 0), 0)"
"((((1.0723, 157.9964), 80000), 20), 0)"
"((((1.0723, 117.8789), 60000), -3.141592653589793), 0)"
"((((0.9007, 82.9422), 40000), 0), 0)"
"((((0.9007, 82.9422), 40000), 20), 0)"
"((((0.8383, 10.7373), 80000), 0), 0)"
"((((0.8383, 10.7373), 80000), 20), 0)"
"((((1.0801, 54.5179), -100000), 0), 0)"
"((((1.4311, 54.5179), 60000), 0), 0)"
"((((1.2829, 82.9422), 80000), -3.141592653589793), 0)"
"((((1.2829, 82.9422), 80000), 20), 0)"
"((((1.2985, 198.8483), 80000), 0), 0)"
"((((1.2985, 198.8483), 80000), 20), 0)"
"((((1.2829, 117.8789), 100000), 0), 0)"
"((((1.4233, 117.8789), -60000), 0), 0)"
"((((1.4233, 117.8789), -60000), 3.141592653589793), 0)"
"((((1.0567, 157.9964), 40000), -3.141592653589793), 0)"
"((((1.0567, 157.9964), 40000), 20), 0)"
"((((1.1581, 157.9964), 80000), 0), 0)"
"((((1.1581, 157.9964), 80000), -3.141592653589793), 0)"
"((((0.9319, 33.9805), -100000), 0), 0)"
"((((1.2517, 82.9422), 80000), -3.141592653589793), 0)"
"((((1.2517, 82.9422), 80000), 20), 0)"
"((((1.4545, 157.9964), -60000), 3.141592653589793), 0)"
"((((1.4545, 157.9964), -60000), -20), 0)"
"((((1.6027, 54.5179), 60000), 0), 0)"
"((((1.6027, 54.5179), 60000), -3.141592653589793), 0)"
"((((1.4935, 198.8483), 40000), 20), 0)"
"((((1.4779, 82.9422), 80000), 0), 0)"
"((((1.4779, 82.9422), 80000), -3.141592653589793), 0)"
"((((1.0723, 117.8789), -60000), 0), 0)"
"((((1.0723, 117.8789), -60000), 3.141592653589793), 0)"
"((((0.9163, 33.9805), -100000), 3.141592653589793), 0)"
"((((0.8305, 82.9422), 40000), 0), 0)"
"((((0.8305, 82.9422), 40000), -3.141592653589793), 0)"
"((((0.8383, 20.6193), 80000), 0), 0)"
"((((1.0333, 117.8789), -40000), 3.141592653589793), 0)"
"((((1.3843, 82.9422), 60000), -3.141592653589793), 0)"
"((((1.2439, 117.8789), 40000), 0), 0)"
"((((0.9865, 117.8789), -100000), 0), 0)"
"((((0.9475, 54.5179), 100000), 0), 0)"
"((((1.1269, 82.9422), 100000), 0), 0)"
"((((1.3687, 157.9964), -60000), 0), 0)"
"((((1.3687, 157.9964), -60000), 3.141592653589793), 0)"
"((((1.3531, 54.5179), 100000), 0), 0)"
"((((1.5559, 33.9805), -80000), 0), 0)"
"((((1.5559, 33.9805), -80000), -20), 0)"
"((((1.2361, 54.5179), 100000), -3.141592653589793), 0)"
"((((1.0879, 157.9964), 80000), 20), 0)"
"((((1.0723, 117.8789), -80000), 3.141592653589793), 0)"
"((((1.0723, 117.8789), -80000), -20), 0)"
"((((1.0177, 54.5179), 60000), 0), 0)"
"((((1.0177, 54.5179), 60000), 20), 0)"
"((((0.8851, 54.5179), -80000), 3.141592653589793), 0)"
"((((0.8851, 54.5179), -80000), -20), 0)"
"((((0.8773, 198.8483), 60000), -3.141592653589793), 0)"
"((((0.8773, 198.8483), 60000), 20), 0)"
"((((0.9007, 82.9422), -80000), 0), 0)"
"((((0.9007, 82.9422), -80000), -20), 0)"
"((((0.8383, 10.7373), 40000), 0), 0)"
"((((0.8383, 10.7373), 40000), 20), 0)"
"((((0.8461, 54.5179), -60000), 3.141592653589793), 0)"
"((((0.8461, 54.5179), -60000), -20), 0)"
"((((0.8383, 20.6193), -60000), 3.141592653589793), 0)"
"((((0.8383, 20.6193), -60000), -20), 0)"
"((((0.9085, 82.9422), -100000), 0), 0)"
"((((1.0099, 33.9805), 80000), 0), 0)"
"((((1.0099, 33.9805), 80000), -3.141592653589793), 0)"
"((((1.0957, 198.8483), -100000), 3.141592653589793), 0)"
"((((1.3375, 198.8483), 80000), -3.141592653589793), 0)"
"((((1.3375, 198.8483), 80000), 20), 0)"
"((((1.3453, 82.9422), 100000), -3.141592653589793), 0)"
"((((1.0879, 117.8789), -100000), 0), 0)"
"((((1.1347, 117.8789), -80000), 0), 0)"
"((((1.0255, 82.9422), 60000), -3.141592653589793), 0)"
"((((1.0255, 82.9422), 60000), 20), 0)"
"((((1.0879, 157.9964), 60000), -3.141592653589793), 0)"
"((((1.2985, 157.9964), 60000), 0), 0)"
"((((1.2985, 157.9964), 60000), -3.141592653589793), 0)"
"((((1.4389, 157.9964), -60000), 3.141592653589793), 0)"
"((((1.5715, 33.9805), 80000), -3.141592653589793), 0)"
"((((1.5715, 33.9805), 80000), 20), 0)"
"((((1.5949, 20.6193), 80000), 20), 0)"
"((((1.6027, 33.9805), 40000), 0), 0)"
"((((1.6027, 33.9805), 40000), 20), 0)"
"((((1.4779, 198.8483), -60000), 0), 0)"
"((((1.4779, 198.8483), -60000), 3.141592653589793), 0)"
"((((0.9631, 33.9805), 100000), -3.141592653589793), 0)"
"((((0.8461, 20.6193), 100000), -3.141592653589793), 0)"
"((((0.9787, 33.9805), -100000), 3.141592653589793), 0)"
"((((1.0957, 198.8483), 80000), 0), 0)"
"((((1.0957, 198.8483), 80000), -3.141592653589793), 0)"
"((((1.2439, 82.9422), -100000), 0), 0)"
"((((1.1425, 157.9964), 80000), -3.141592653589793), 0)"
"((((1.1425, 157.9964), 80000), 20), 0)"
"((((1.0567, 117.8789), 60000), 0), 0)"
"((((1.0567, 117.8789), 60000), -3.141592653589793), 0)"
"((((1.0489, 117.8789), 100000), 0), 0)"
"((((1.0879, 117.8789), 80000), 0), 0)"
"((((1.1035, 157.9964), 100000), -3.141592653589793), 0)"
"((((1.2361, 117.8789), 80000), 0), 0)"
"((((1.2361, 117.8789), 80000), 20), 0)"
"((((1.4389, 117.8789), -80000), -20), 0)"
"((((1.4545, 54.5179), -100000), 3.141592653589793), 0)"
"((((1.4389, 157.9964), -40000), 0), 0)"
"((((1.4389, 157.9964), -40000), 3.141592653589793), 0)"
"((((1.4545, 198.8483), -100000), 3.141592653589793), 0)"
"((((1.5793, 117.8789), 80000), 0), 0)"
"((((1.5793, 117.8789), 80000), -3.141592653589793), 0)"
"((((1.5637, 117.8789), 100000), 0), 0)"
"((((1.0879, 157.9964), -60000), 0), 0)"
"((((1.0879, 157.9964), -60000), 3.141592653589793), 0)"
"((((0.8773, 117.8789), 100000), -3.141592653589793), 0)"
"((((0.8539, 33.9805), 40000), 20), 0)"
"((((0.9085, 82.9422), -80000), 3.141592653589793), 0)"
"((((1.1893, 117.8789), -80000), 3.141592653589793), 0)"
"((((1.1893, 117.8789), -80000), -20), 0)"
"((((1.2439, 54.5179), 100000), -3.141592653589793), 0)"
"((((1.2673, 157.9964), 100000), 0), 0)"
"((((1.3141, 117.8789), 60000), 0), 0)"
"((((1.3141, 117.8789), 60000), -3.141592653589793), 0)"
"((((1.0567, 157.9964), -80000), 3.141592653589793), 0)"
"((((1.0567, 157.9964), -80000), -20), 0)"
"((((1.0879, 117.8789), 100000), 0), 0)"
"((((1.1191, 117.8789), -100000), 0), 0)"
"((((1.3531, 117.8789), 80000), 0), 0)"
"((((1.3531, 117.8789), 80000), -3.141592653589793), 0)"
"((((1.5871, 198.8483), -80000), 0), 0)"
"((((1.5871, 198.8483), -80000), -20), 0)"
"((((1.5949, 33.9805), -100000), 3.141592653589793), 0)"
"((((1.6027, 33.9805), -100000), 0), 0)"
"((((0.8773, 117.8789), 40000), -3.141592653589793), 0)"
"((((0.8773, 117.8789), 40000), 20), 0)"
"((((0.9397, 33.9805), -100000), 3.141592653589793), 0)"
"((((0.8617, 33.9805), 80000), -3.141592653589793), 0)"
"((((0.8617, 33.9805), 80000), 20), 0)"
"((((0.8539, 54.5179), 80000), 20), 0)"
"((((0.9397, 117.8789), 80000), 0), 0)"
"((((1.0333, 54.5179), 80000), 0), 0)"
"((((1.0333, 54.5179), 80000), 20), 0)"
"((((1.0801, 117.8789), -100000), 3.141592653589793), 0)"
"((((1.2907, 117.8789), 100000), -3.141592653589793), 0)"
"((((1.3921, 82.9422), 80000), -3.141592653589793), 0)"
"((((1.3141, 82.9422), -80000), 0), 0)"
"((((1.3141, 82.9422), -80000), -20), 0)"
"((((1.0957, 157.9964), 100000), -3.141592653589793), 0)"
"((((1.0411, 82.9422), 40000), 0), 0)"
"((((1.0411, 82.9422), 40000), 20), 0)"
"((((1.0879, 198.8483), -80000), -20), 0)"
"((((1.5949, 10.7373), -60000), 3.141592653589793), 0)"
"((((1.5949, 10.7373), -60000), -20), 0)"
"((((1.5871, 20.6193), -80000), -20), 0)"
"((((1.5949, 20.6193), -100000), 0), 0)"
"((((1.5715, 54.5179), 40000), 0), 0)"
"((((0.8461, 54.5179), 80000), 0), 0)"
"((((0.8461, 54.5179), 80000), -3.141592653589793), 0)"
"((((1.4389, 54.5179), -80000), 0), 0)"
"((((1.4389, 54.5179), -80000), -20), 0)"
"((((1.3141, 157.9964), -60000), 0), 0)"
"((((1.0489, 117.8789), 80000), -3.141592653589793), 0)"
"((((1.0489, 117.8789), 80000), 20), 0)"
"((((1.0411, 33.9805), -80000), 0), 0)"
"((((1.0411, 33.9805), -80000), -20), 0)"
"((((1.3999, 157.9964), -80000), 3.141592653589793), 0)"
"((((1.3999, 157.9964), -80000), -20), 0)"
"((((1.4077, 157.9964), 100000), 0), 0)"
"((((1.3219, 117.8789), 100000), 0), 0)"
"((((1.5559, 33.9805), 80000), 0), 0)"
"((((1.5559, 33.9805), 80000), 20), 0)"
"((((1.6027, 33.9805), -60000), 3.141592653589793), 0)"
"((((1.6027, 33.9805), -60000), -20), 0)"
"((((1.3297, 82.9422), 80000), 0), 0)"
"((((1.3297, 82.9422), 80000), 20), 0)"
"((((1.3453, 54.5179), -100000), 0), 0)"
"((((1.3219, 198.8483), 100000), 0), 0)"
"((((1.1815, 117.8789), 80000), 0), 0)"
"((((1.1815, 117.8789), 80000), -3.141592653589793), 0)"
"((((1.0411, 54.5179), 80000), -3.141592653589793), 0)"
"((((1.0411, 54.5179), 80000), 20), 0)"
"((((1.0567, 157.9964), 80000), -3.141592653589793), 0)"
"((((1.0567, 157.9964), 80000), 20), 0)"
"((((1.3609, 198.8483), -80000), 0), 0)"
"((((1.3609, 198.8483), -80000), -20), 0)"
"((((1.4077, 157.9964), -100000), 3.141592653589793), 0)"
"((((1.2595, 54.5179), 80000), -3.141592653589793), 0)"
"((((1.2595, 54.5179), 80000), 20), 0)"
"((((1.5793, 20.6193), 100000), 0), 0)"
"((((1.5793, 10.7373), 100000), 0), 0)"
"((((0.9709, 82.9422), 80000), 0), 0)"
"((((0.8851, 33.9805), -60000), -20), 0)"
"((((0.8539, 82.9422), -40000), 3.141592653589793), 0)"
"((((1.2439, 157.9964), -80000), 3.141592653589793), 0)"
"((((1.4233, 117.8789), 60000), 0), 0)"
"((((1.1191, 117.8789), -80000), 0), 0)"
"((((1.1425, 157.9964), -100000), 0), 0)"
"((((1.5793, 10.7373), 80000), 0), 0)"
"((((1.5793, 10.7373), 80000), -3.141592653589793), 0)"
"((((1.5871, 10.7373), 100000), -3.141592653589793), 0)"
"((((0.8383, 10.7373), -100000), 0), 0)"
"((((0.9397, 117.8789), -40000), 3.141592653589793), 0)"
"((((0.9943, 198.8483), -80000), -20), 0)"
"((((1.1893, 117.8789), 60000), 20), 0)"
"((((1.2907, 157.9964), -80000), 0), 0)"
"((((1.2907, 157.9964), -80000), 3.141592653589793), 0)"
"((((1.3921, 198.8483), 80000), 0), 0)"
"((((1.3921, 198.8483), 80000), -3.141592653589793), 0)"
"((((1.4935, 82.9422), -100000), 3.141592653589793), 0)"
"((((1.4701, 82.9422), 80000), 0), 0)"
"((((1.4701, 82.9422), 80000), -3.141592653589793), 0)"
"((((1.5949, 10.7373), -80000), 3.141592653589793), 0)"
"((((1.5949, 10.7373), -80000), -20), 0)"
"((((1.5871, 198.8483), -60000), 0), 0)"
"((((1.5871, 198.8483), -60000), 3.141592653589793), 0)"
"((((1.5559, 33.9805), -100000), 0), 0)"
"((((1.5871, 10.7373), -80000), 0), 0)"
"((((1.5481, 82.9422), -100000), 3.141592653589793), 0)"
"((((1.5793, 82.9422), -60000), 0), 0)"
"((((1.5247, 20.6193), -80000), -20), 0)"
"((((0.9085, 82.9422), -60000), 3.141592653589793), 0)"
"((((0.9085, 82.9422), -60000), -20), 0)"
"((((1.3141, 157.9964), -100000), 3.141592653589793), 0)"
"((((1.3297, 157.9964), 100000), 0), 0)"
"((((1.4389, 82.9422), -100000), 0), 0)"
"((((1.5481, 117.8789), -60000), 0), 0)"
"((((1.5481, 117.8789), -60000), 3.141592653589793), 0)"
"((((1.5559, 54.5179), -80000), 0), 0)"
"((((1.5559, 54.5179), -80000), 3.141592653589793), 0)"
"((((1.5559, 157.9964), -100000), 3.141592653589793), 0)"
"((((1.5637, 33.9805), -100000), 0), 0)"
"((((1.5637, 198.8483), 40000), -3.141592653589793), 0)"
"((((1.5793, 54.5179), 60000), -3.141592653589793), 0)"
"((((1.5793, 54.5179), 60000), 20), 0)"
"((((1.4701, 117.8789), 60000), 0), 0)"
"((((1.4701, 117.8789), 60000), 20), 0)"
"((((1.2751, 157.9964), -60000), 3.141592653589793), 0)"
"((((1.2751, 157.9964), -60000), -20), 0)"
"((((0.9163, 117.8789), 100000), 0), 0)"
"((((0.8461, 33.9805), -60000), 0), 0)"
"((((0.8461, 33.9805), -60000), -20), 0)"
"((((1.3921, 117.8789), 100000), -3.141592653589793), 0)"
"((((1.3921, 117.8789), -100000), 3.141592653589793), 0)"
"((((1.3999, 117.8789), -100000), 0), 0)"
"((((1.0957, 117.8789), -100000), 0), 0)"
"((((1.2361, 157.9964), 60000), 0), 0)"
"((((1.2361, 157.9964), 60000), 20), 0)"
"((((1.0255, 82.9422), 80000), -3.141592653589793), 0)"
"((((1.0255, 82.9422), 80000), 20), 0)"
"((((1.4077, 54.5179), 60000), -3.141592653589793), 0)"
"((((1.4077, 54.5179), 60000), 20), 0)"
"((((1.4077, 157.9964), 60000), 0), 0)"
"((((1.6027, 54.5179), -80000), 3.141592653589793), 0)"
"((((1.6027, 54.5179), -80000), -20), 0)"
"((((1.4779, 82.9422), 60000), 0), 0)"
"((((1.4779, 82.9422), 60000), -3.141592653589793), 0)"
"((((0.8617, 33.9805), -80000), 3.141592653589793), 0)"
"((((0.8617, 33.9805), -80000), -20), 0)"
"((((1.2907, 198.8483), -100000), 0), 0)"
"((((1.0411, 54.5179), -80000), 0), 0)"
"((((1.0411, 54.5179), -80000), -20), 0)"
"((((1.0177, 82.9422), 80000), -3.141592653589793), 0)"
"((((1.0177, 82.9422), 80000), 20), 0)"
"((((1.4857, 82.9422), 80000), 0), 0)"
"((((1.4857, 82.9422), 80000), -3.141592653589793), 0)"
"((((1.5091, 20.6193), 100000), 0), 0)"
"((((0.9397, 117.8789), -60000), 3.141592653589793), 0)"
"((((0.9397, 117.8789), -60000), -20), 0)"
"((((1.3765, 157.9964), 60000), 0), 0)"
"((((1.3765, 157.9964), 60000), 20), 0)"
"((((1.3219, 117.8789), -80000), 0), 0)"
"((((1.3219, 117.8789), -80000), -20), 0)"
"((((1.0411, 82.9422), 60000), -3.141592653589793), 0)"
"((((1.0411, 82.9422), 60000), 20), 0)"
"((((1.1581, 117.8789), -80000), 0), 0)"
"((((1.1581, 117.8789), -80000), 3.141592653589793), 0)"
"((((1.2673, 117.8789), 100000), -3.141592653589793), 0)"
"((((1.4389, 117.8789), 60000), -3.141592653589793), 0)"
"((((1.4389, 117.8789), 60000), 20), 0)"
"((((1.4545, 54.5179), 80000), -3.141592653589793), 0)"
"((((1.4545, 54.5179), 80000), 20), 0)"
"((((0.9163, 117.8789), -80000), 3.141592653589793), 0)"
"((((0.9163, 117.8789), -80000), -20), 0)"
"((((0.8929, 198.8483), -80000), 0), 0)"
"((((0.8929, 198.8483), -80000), 3.141592653589793), 0)"
"((((1.0333, 157.9964), 40000), 0), 0)"
"((((1.0333, 157.9964), 40000), 20), 0)"
"((((1.0333, 82.9422), 100000), 0), 0)"
"((((1.5169, 54.5179), -60000), 0), 0)"
"((((1.5169, 54.5179), -60000), 3.141592653589793), 0)"
"((((1.5871, 54.5179), -60000), 3.141592653589793), 0)"
"((((1.5871, 54.5179), -60000), -20), 0)"
"((((1.5481, 82.9422), -80000), 0), 0)"
"((((1.5481, 82.9422), -80000), 3.141592653589793), 0)"
"((((0.9787, 157.9964), -40000), 0), 0)"
"((((0.9787, 157.9964), -40000), 3.141592653589793), 0)"
"((((0.8539, 82.9422), 60000), 0), 0)"
"((((0.8539, 82.9422), 60000), 20), 0)"
"((((1.0255, 54.5179), 60000), 0), 0)"
"((((1.0255, 54.5179), 60000), -3.141592653589793), 0)"
"((((1.1347, 157.9964), -100000), 0), 0)"
"((((1.0567, 157.9964), -40000), 3.141592653589793), 0)"
"((((1.4311, 117.8789), 40000), 0), 0)"
"((((0.8851, 54.5179), 60000), 0), 0)"
"((((0.9163, 198.8483), 100000), -3.141592653589793), 0)"
"((((1.3141, 82.9422), -100000), 3.141592653589793), 0)"
"((((1.3063, 157.9964), 80000), 20), 0)"
"((((1.0723, 157.9964), -80000), 0), 0)"
"((((1.0723, 157.9964), -80000), -20), 0)"
"((((1.0333, 82.9422), 60000), 0), 0)"
"((((1.0333, 82.9422), 60000), 20), 0)"
"((((1.4389, 54.5179), 80000), 20), 0)"
"((((1.4389, 82.9422), 80000), 0), 0)"
"((((1.4389, 82.9422), 80000), 20), 0)"
"((((1.5637, 54.5179), -80000), 0), 0)"
"((((1.5637, 54.5179), -80000), -20), 0)"
"((((1.5793, 117.8789), -60000), 0), 0)"
"((((1.5793, 117.8789), -60000), 3.141592653589793), 0)"
"((((1.5637, 117.8789), -80000), 3.141592653589793), 0)"
"((((1.5637, 117.8789), -80000), -20), 0)"
"((((0.8851, 54.5179), 40000), 0), 0)"
"((((1.2127, 157.9964), 100000), -3.141592653589793), 0)"
"((((1.4233, 117.8789), 80000), -3.141592653589793), 0)"
"((((1.4233, 117.8789), 80000), 20), 0)"
"((((1.1581, 117.8789), -100000), 3.141592653589793), 0)"
"((((1.3297, 82.9422), -80000), 0), 0)"
"((((1.3297, 82.9422), -80000), 3.141592653589793), 0)"
"((((1.4311, 117.8789), -60000), 0), 0)"
"((((1.4467, 198.8483), -80000), 3.141592653589793), 0)"
"((((1.4467, 198.8483), -80000), -20), 0)"
"((((1.3843, 82.9422), 80000), 0), 0)"
"((((1.3843, 82.9422), 80000), 20), 0)"
"((((1.4389, 157.9964), -100000), 3.141592653589793), 0)"
"((((1.4935, 54.5179), 60000), -3.141592653589793), 0)"
"((((1.4935, 54.5179), 60000), 20), 0)"
"((((0.8773, 198.8483), 100000), -3.141592653589793), 0)"
"((((1.5091, 20.6193), -80000), 0), 0)"
"((((1.5091, 20.6193), -80000), 3.141592653589793), 0)"
"((((1.1893, 198.8483), 100000), -3.141592653589793), 0)"
"((((0.9787, 157.9964), 60000), 0), 0)"
"((((0.9787, 157.9964), 60000), -3.141592653589793), 0)"
"((((1.0723, 157.9964), -60000), 3.141592653589793), 0)"
"((((1.0645, 82.9422), -80000), 0), 0)"
"((((1.0645, 82.9422), -80000), -20), 0)"
"((((1.2439, 82.9422), 80000), 0), 0)"
"((((1.2439, 82.9422), 80000), 20), 0)"
"((((0.8773, 117.8789), -80000), 0), 0)"
"((((0.8773, 117.8789), -80000), -20), 0)"
"((((1.3999, 157.9964), -60000), 3.141592653589793), 0)"
"((((1.3999, 157.9964), -60000), -20), 0)"
"((((1.6027, 54.5179), -100000), 0), 0)"
"((((1.4935, 198.8483), 80000), -3.141592653589793), 0)"
"((((1.4935, 198.8483), 80000), 20), 0)"
"((((0.8539, 117.8789), 60000), -3.141592653589793), 0)"
"((((1.2049, 157.9964), 80000), 0), 0)"
"((((1.2049, 157.9964), 80000), 20), 0)"
"((((1.0411, 82.9422), -60000), 3.141592653589793), 0)"
"((((1.0411, 82.9422), -60000), -20), 0)"
"((((1.5793, 117.8789), -80000), 0), 0)"
"((((1.5793, 117.8789), -80000), -20), 0)"
"((((1.0333, 117.8789), -80000), 0), 0)"
"((((1.0333, 117.8789), -80000), -20), 0)"
"((((1.5637, 198.8483), 80000), 0), 0)"
"((((1.5637, 198.8483), 80000), -3.141592653589793), 0)"
"((((1.3999, 117.8789), 60000), -3.141592653589793), 0)"
"((((1.3999, 117.8789), 60000), 20), 0)"
"((((0.8539, 117.8789), -60000), 3.141592653589793), 0)"
"((((0.8539, 117.8789), -60000), -20), 0)"
"((((0.8539, 117.8789), 40000), 0), 0)"
"((((0.8539, 117.8789), 40000), -3.141592653589793), 0)"
"((((1.3999, 157.9964), -100000), 0), 0)"
"((((1.0099, 54.5179), 60000), 0), 0)"
"((((1.0099, 54.5179), 60000), -3.141592653589793), 0)"
"((((1.5949, 10.7373), 60000), -3.141592653589793), 0)"
"((((1.5247, 33.9805), -100000), 0), 0)"
"((((1.1035, 54.5179), 100000), -3.141592653589793), 0)"
"((((1.3999, 198.8483), 80000), -3.141592653589793), 0)"
"((((1.3999, 198.8483), 80000), 20), 0)"
"((((1.0255, 82.9422), -60000), 0), 0)"
"((((1.0255, 82.9422), -60000), -20), 0)"
"((((1.4779, 198.8483), 40000), -3.141592653589793), 0)"
"((((1.4779, 198.8483), 40000), 20), 0)"
"((((0.8383, 82.9422), 80000), 0), 0)"
"((((0.8383, 82.9422), 80000), -3.141592653589793), 0)"
"((((1.2751, 198.8483), -100000), 0), 0)"
"((((1.0957, 82.9422), 100000), -3.141592653589793), 0)"
"((((1.0957, 117.8789), 100000), -3.141592653589793), 0)"
"((((1.4779, 157.9964), -80000), 0), 0)"
"((((1.4779, 157.9964), -80000), -20), 0)"
"((((1.0333, 117.8789), -60000), 0), 0)"
"((((1.0333, 117.8789), -60000), 3.141592653589793), 0)"
"((((0.9709, 54.5179), -60000), 0), 0)"
"((((1.0333, 54.5179), 100000), -3.141592653589793), 0)"
"((((1.1581, 82.9422), -100000), 0), 0)"
"((((1.4935, 198.8483), 60000), 0), 0)"
"((((1.4935, 198.8483), 60000), 20), 0)"
"((((1.5715, 10.7373), 60000), 0), 0)"
"((((1.5715, 10.7373), 60000), 20), 0)"
"((((1.5715, 10.7373), 80000), 0), 0)"
"((((1.5715, 10.7373), 80000), 20), 0)"
"((((1.5169, 54.5179), -80000), 0), 0)"
"((((1.5169, 54.5179), -80000), -20), 0)"
"((((1.4701, 117.8789), -80000), 0), 0)"
"((((1.4701, 117.8789), -80000), -20), 0)"
"((((1.0723, 117.8789), 40000), 0), 0)"
"((((1.5871, 20.6193), 100000), 0), 0)"
"((((1.4311, 117.8789), -80000), 0), 0)"
"((((1.4311, 117.8789), -80000), -20), 0)"
"((((1.4155, 82.9422), -100000), 3.141592653589793), 0)"
"((((1.4779, 198.8483), -80000), 3.141592653589793), 0)"
"((((1.4779, 198.8483), -80000), -20), 0)"
"((((0.8305, 82.9422), -80000), 0), 0)"
"((((0.8305, 82.9422), -80000), -20), 0)"
"((((1.6027, 33.9805), -80000), 3.141592653589793), 0)"
"((((1.6027, 33.9805), -80000), -20), 0)"
"((((1.2361, 157.9964), -100000), 3.141592653589793), 0)"
"((((1.5559, 157.9964), -60000), 0), 0)"
"((((1.5559, 157.9964), -60000), 3.141592653589793), 0)"
"((((0.8461, 33.9805), 80000), 0), 0)"
"((((0.8461, 33.9805), 80000), -3.141592653589793), 0)"
"((((0.8617, 33.9805), 100000), -3.141592653589793), 0)"
"((((1.4389, 157.9964), -80000), 0), 0)"
"((((1.4389, 157.9964), -80000), 3.141592653589793), 0)"
"((((1.3375, 157.9964), -100000), 0), 0)"
"((((0.8461, 82.9422), 80000), 0), 0)"
"((((0.8461, 82.9422), 80000), -3.141592653589793), 0)"
"((((1.5481, 82.9422), 100000), -3.141592653589793), 0)"
"((((1.4935, 198.8483), -80000), 0), 0)"
"((((1.4935, 198.8483), -80000), -20), 0)"
"((((1.4311, 54.5179), -80000), 3.141592653589793), 0)"
"((((1.4311, 54.5179), -80000), -20), 0)"
"((((1.0255, 82.9422), -80000), 0), 0)"
"((((1.0255, 82.9422), -80000), 3.141592653589793), 0)"
"((((0.9787, 157.9964), -60000), 0), 0)"
"((((0.9787, 157.9964), -60000), -20), 0)"
"((((1.0021, 82.9422), -80000), 0), 0)"
"((((1.0021, 82.9422), -80000), 3.141592653589793), 0)"
"((((1.5325, 33.9805), -100000), 0), 0)"
